ID,City,Country,Continent,Latitude,Longitude,Temperature (Fahrenheit),Humidity (%),Wind Speed,Cloudiness
53654,Mogadishu,SO,Africa,2.04,45.34,82.4,78,12.75,75
57000,Hobyo,SO,Africa,5.35,48.53,82.0,68,21.61,0
60019,Eyl,SO,Africa,7.98,49.82,84.52,61,23.29,0
64814,Bandarbeyla,SO,Africa,9.49,50.81,81.64,77,27.54,0
69559,Yarim,YE,Asia,14.3,44.38,73.45,25,5.61,80
70979,Sayyan,YE,Asia,15.17,44.32,75.97,23,4.38,92
77408,Bajil,YE,Asia,15.06,43.29,89.56,59,4.61,0
86049,Jalu,LY,Africa,29.03,21.55,78.22,29,4.05,0
87205,Darnah,LY,Africa,32.77,22.64,72.82,97,16.13,0
98182,Baghdad,IQ,Asia,33.3,44.38,100.4,18,9.17,0
100926,Umm Lajj,SA,Asia,25.02,37.27,81.55,81,5.06,0
101312,Turayf,SA,Asia,31.68,38.65,75.2,53,4.7,0
101628,Tabuk,SA,Asia,28.38,36.58,77.0,38,9.17,0
102651,Sabya,SA,Asia,17.15,42.62,93.2,71,8.05,20
103630,Najran,SA,Asia,17.54,44.22,95.0,17,4.5,0
104515,Mecca,SA,Asia,21.43,39.83,95.0,32,5.5,0
105299,Jizan,SA,Asia,16.89,42.56,93.2,71,8.05,20
107304,Buraydah,SA,Asia,26.33,43.97,95.0,20,12.75,0
110690,Abha,SA,Asia,18.22,42.5,80.69,39,6.93,0
113659,Tabas,IR,Asia,33.6,56.92,90.82,21,3.71,32
129512,Kalaleh,IR,Asia,37.38,55.49,69.31,90,3.94,36
135298,Esfarayen,IR,Asia,37.08,57.51,71.6,53,4.7,20
136702,Dehloran,IR,Asia,32.69,47.27,98.47,26,4.72,0
140463,Birjand,IR,Asia,32.86,59.22,89.6,15,6.93,0
145531,Saurimo,AO,Africa,-9.66,20.4,59.0,58,5.82,0
148088,Haftoni,AZ,Asia,38.76,48.76,66.78,53,6.93,40
149070,Utete,TZ,Africa,-7.99,38.76,78.4,53,5.61,0
155310,Magugu,TZ,Africa,-4.02,35.77,63.37,91,4.5,88
157429,Kilindoni,TZ,Africa,-7.91,39.67,79.48,97,15.9,0
161218,Mhango,TZ,Africa,-2.75,33.92,69.85,73,5.39,0
161616,Balkanabat,TM,Asia,39.51,54.36,73.27,26,5.39,20
161974,Gazanjyk,TM,Asia,39.24,55.52,71.65,43,8.19,8
162199,Annau,TM,Asia,37.89,58.52,77.0,22,9.17,0
178077,Wote,KE,Africa,-1.78,37.63,65.89,85,4.61,76
183027,Nyahururu,KE,Africa,0.03,36.37,60.85,100,3.71,32
187585,Marsabit,KE,Africa,2.34,37.99,71.65,85,9.98,68
191038,Kitui,KE,Africa,-1.37,38.02,64.27,91,6.96,68
204405,Uvira,CD,Africa,-3.41,29.14,69.94,78,2.93,48
211647,Lodja,CD,Africa,-3.52,23.6,73.81,82,1.92,0
212360,Kongolo,CD,Africa,-5.39,27.0,74.62,37,5.84,0
212902,Kindu,CD,Africa,-2.95,25.92,77.95,69,2.71,8
213940,Kasongo,CD,Africa,-4.43,26.67,76.15,32,3.6,8
215527,Kabinda,CD,Africa,-6.14,24.49,72.46,37,15.68,0
215976,Ilebo,CD,Africa,-4.33,20.59,73.72,87,2.37,0
217562,Butembo,CD,Africa,0.12,29.29,65.35,93,1.36,80
229059,Moyo,UG,Africa,3.66,31.72,68.5,100,4.38,92
230993,Kisoro,UG,Africa,-1.28,29.69,62.74,98,2.82,64
240498,Bangassou,CF,Africa,4.74,22.82,71.92,100,2.93,92
241131,Victoria,SC,Africa,-4.62,55.45,84.2,66,8.05,75
256492,Neon Karlovasion,GR,Europe,37.79,26.7,78.8,41,13.87,0
258175,Lixourion,GR,Europe,38.2,20.43,77.92,69,9.17,20
258377,Ligourion,GR,Europe,37.62,23.03,82.4,48,3.36,0
260895,Karpathos,GR,Europe,35.51,27.21,75.2,64,27.51,0
285663,Bayan,KW,Asia,29.3,48.05,102.2,21,5.61,5
286245,Sur,OM,Asia,22.57,59.53,89.2,82,3.83,0
286621,Salalah,OM,Asia,17.01,54.1,87.8,79,9.17,75
292223,Dubai,AE,Asia,25.27,55.3,102.2,29,5.82,0
292672,Sharjah,AE,Asia,25.36,55.39,98.85,29,5.82,0
292968,Abu Dhabi,AE,Asia,24.47,54.37,99.46,35,12.75,0
299900,Talas,TR,Asia,38.69,35.55,66.2,42,1.12,0
300075,Suruc,TR,Asia,36.98,38.42,77.0,44,8.05,0
300617,Sivas,TR,Asia,39.75,37.01,57.2,62,1.12,40
302043,Salihli,TR,Asia,38.48,28.15,70.03,35,2.59,0
303831,Nevsehir,TR,Asia,38.62,34.71,65.3,42,1.12,0
304355,Milas,TR,Asia,37.31,27.78,72.82,47,3.36,0
305681,Kumluca,TR,Asia,36.37,30.29,68.41,47,1.14,0
308463,Kayseri,TR,Asia,38.73,35.48,66.2,42,1.12,0
315372,Erzincan,TR,Asia,39.75,39.49,66.2,59,2.24,40
320871,Bor,TR,Asia,37.89,34.56,64.0,47,3.04,0
321082,Bingol,TR,Asia,38.88,40.49,64.9,73,2.82,0
331259,Mega,ET,Africa,4.06,38.32,64.45,88,5.73,92
335035,Harer,ET,Africa,9.31,42.13,72.82,81,4.16,0
336745,Gewane,ET,Africa,10.16,40.66,84.07,60,7.07,0
337771,Fiche,ET,Africa,9.77,38.74,56.98,100,3.83,36
338726,Dodola,ET,Africa,6.98,39.18,56.62,99,4.05,32
350203,Rosetta,EG,Africa,31.4,30.42,77.0,65,10.29,40
352733,Marsa Matruh,EG,Africa,31.35,27.25,75.2,78,13.87,40
358172,Dekernes,EG,Africa,31.09,31.59,75.2,78,4.7,40
359783,Asyut,EG,Africa,27.18,31.19,77.0,65,11.41,0
360923,Port Said,EG,Africa,25.34,30.55,82.81,28,6.17,0
364933,Umm Kaddadah,SD,Africa,13.6,26.69,80.2,18,10.76,0
367544,Sawakin,SD,Africa,19.1,37.33,88.84,51,3.6,0
370481,Marawi,SD,Africa,18.48,31.82,86.05,20,9.64,0
371745,Kutum,SD,Africa,14.2,24.66,77.86,19,8.97,0
373141,Kaduqli,SD,Africa,11.01,29.72,84.34,57,6.51,0
415189,Aden,YE,Asia,12.79,45.03,86.41,96,13.67,44
454584,Valdemarpils,LV,Europe,57.37,22.59,68.0,72,14.99,0
455786,Seda,LV,Europe,57.65,25.75,69.04,52,14.56,88
463217,Pichayevo,RU,Europe,51.79,41.22,68.95,59,8.3,0
468983,Yarensk,RU,Europe,62.17,49.09,47.35,64,3.71,76
469960,Vytegra,RU,Europe,61.01,36.45,56.44,62,14.0,24
470905,Vuktyl,RU,Europe,63.86,57.31,42.4,63,3.6,68
472722,Volkhov,RU,Europe,59.92,32.34,64.18,52,8.97,68
472761,Volgodonsk,RU,Europe,47.51,42.17,74.08,43,6.62,20
473994,Veshkayma,RU,Europe,54.05,47.12,69.67,58,15.68,8
474470,Verkhnyaya Toyma,RU,Europe,62.24,45.0,49.06,65,5.84,88
478565,Urussu,RU,Europe,54.6,53.47,67.96,62,15.68,20
478711,Urkarakh,RU,Europe,42.16,47.63,56.35,73,1.92,0
479071,Umba,RU,Europe,66.69,34.34,45.01,92,6.62,88
481955,Totskoye,RU,Europe,52.53,52.75,73.18,45,15.23,12
486015,Susanino,RU,Europe,58.15,41.61,63.1,63,14.0,36
490040,Sovetskiy,RU,Europe,56.76,48.47,59.5,100,9.86,76
491422,Sochi,RU,Europe,43.6,39.73,73.4,64,4.47,75
494275,Shiringushi,RU,Europe,53.85,42.77,69.22,58,13.11,12
498785,Sapernoye,RU,Europe,60.72,29.95,65.08,41,11.65,92
498904,Samur,RU,Europe,41.83,48.49,66.52,91,7.4,0
504409,Pryazha,RU,Europe,61.69,33.62,60.8,41,13.42,40
512576,Parfenyevo,RU,Europe,58.48,43.41,62.11,85,14.45,44
513328,Ozinki,RU,Europe,51.2,49.73,71.2,37,13.33,64
517739,Novouzensk,RU,Europe,50.46,48.14,70.48,34,13.0,80
517836,Novotroitsk,RU,Europe,51.2,58.3,71.6,40,24.61,0
523392,Naryan-Mar,RU,Europe,67.67,53.09,31.24,100,7.18,32
523583,Nagorsk,RU,Europe,59.32,50.8,55.63,70,6.06,76
525426,Monastyrshchina,RU,Europe,54.35,31.84,66.16,66,10.09,36
525426,Sobolevo,RU,Europe,54.43,31.9,66.16,66,10.09,36
525659,Mokshan,RU,Europe,53.44,44.61,66.88,57,17.25,12
528288,Maykor,RU,Europe,59.01,55.89,54.28,78,5.73,44
535417,Lev Tolstoy,RU,Europe,53.21,39.45,69.22,60,15.01,0
543133,Kozlovka,RU,Europe,55.84,48.25,63.55,82,15.66,75
543508,Kovdor,RU,Europe,67.56,30.47,42.58,100,6.62,92
544084,Koslan,RU,Europe,63.46,48.9,45.82,65,3.38,68
544318,Kosa,RU,Europe,59.94,54.99,51.85,91,4.72,8
544397,Kortkeros,RU,Europe,61.81,51.56,51.8,57,4.47,40
545353,Zarechnyy,RU,Europe,60.99,40.4,51.94,100,11.21,92
546105,Nikolskoye,RU,Europe,59.7,30.79,62.6,51,17.9,0
552256,Karpogory,RU,Europe,64.0,44.44,49.51,57,4.94,76
553725,Kamenka,RU,Europe,53.19,44.05,67.6,59,16.46,20
554318,Kalevala,RU,Europe,65.2,31.17,45.73,94,5.84,92
554830,Izhma,RU,Europe,65.01,53.91,42.85,53,3.6,0
556268,Ostrovnoy,RU,Europe,68.05,39.51,39.43,91,16.24,68
559752,Gornozavodsk,RU,Europe,58.37,58.33,53.02,71,9.64,80
565407,Dombarovskiy,RU,Europe,50.76,59.54,69.04,56,16.46,20
567183,Danilov,RU,Europe,58.19,40.17,63.37,69,15.35,44
576663,Bessonovka,RU,Europe,53.31,45.04,67.24,60,15.79,56
579728,Bakaly,RU,Europe,55.18,53.8,68.23,60,14.23,36
580676,Asekeyevo,RU,Europe,53.57,52.8,68.41,67,14.79,20
583345,Aleksandrov Gay,RU,Europe,50.14,48.57,70.03,33,13.67,92
584051,Svetlogorsk,RU,Europe,53.14,59.15,66.2,55,20.13,75
587207,Artyom,AZ,Asia,40.47,50.33,73.4,53,11.41,0
588204,Puka,EE,Europe,58.06,26.24,62.6,77,8.05,20
599161,Grigiskes,LT,Europe,54.68,25.08,68.0,56,9.17,0
601551,Akdepe,TM,Asia,42.05,59.39,73.4,10,9.17,0
602150,Umea,SE,Europe,63.83,20.26,53.6,37,27.51,0
608872,Makat,KZ,Asia,47.65,53.35,71.65,35,5.95,0
610611,Aqtobe,KZ,Asia,50.28,57.21,73.4,25,22.37,0
610612,Aktau,KZ,Asia,43.65,51.16,75.2,29,17.9,0
616659,Gogaran,AM,Asia,40.89,44.2,59.0,72,1.12,75
618426,Chisinau,MD,Europe,47.01,28.86,75.2,60,6.93,0
621277,Stolin,BY,Europe,51.89,26.85,73.45,66,6.4,0
621754,Slonim,BY,Europe,53.09,25.32,73.0,72,4.83,0
630752,Ylojarvi,FI,Europe,61.56,23.6,57.2,47,10.29,40
638936,Rovaniemi,FI,Europe,66.5,25.72,42.8,59,19.46,75
646006,Mikkeli,FI,Europe,61.69,27.27,57.2,47,16.11,0
649924,Kuusamo,FI,Europe,65.96,29.19,41.0,86,14.99,75
654901,Kajaani,FI,Europe,64.22,27.73,50.0,53,14.99,75
663926,Valea Argovei,RO,Europe,44.35,26.79,73.4,69,3.36,0
665790,Sulina,RO,Europe,45.16,29.65,65.17,100,1.92,88
668314,Sacele,RO,Europe,45.62,25.69,56.17,99,2.59,92
696204,Pryyutivka,UA,Europe,48.72,33.07,71.02,70,4.61,0
709334,Dzhankoy,UA,Europe,45.71,34.39,68.5,68,5.61,24
712092,Blagodatnoye,UA,Europe,47.7,37.42,74.71,35,6.62,0
725213,Beloslav,BG,Europe,43.19,27.7,71.6,78,6.93,20
730518,Kavarna,BG,Europe,43.43,28.33,71.6,78,6.93,20
746983,Gelibolu,TR,Asia,40.41,26.67,71.6,53,3.36,0
751388,Mus,TR,Asia,41.63,33.25,62.6,63,2.24,20
758282,Stary Sacz,PL,Europe,49.56,20.64,62.6,67,3.36,20
777019,Vardo,NO,Europe,70.37,31.11,41.0,86,14.99,75
778707,Mehamn,NO,Europe,71.03,27.85,42.8,81,11.41,75
779554,Honningsvag,NO,Europe,70.98,25.97,38.98,100,14.45,92
779683,Hammerfest,NO,Europe,70.66,23.68,40.41,100,16.11,75
780687,Berlevag,NO,Europe,70.86,29.09,41.85,81,11.41,75
780717,Batsfjord,NO,Europe,70.63,29.72,41.43,86,12.75,75
863061,Usinsk,RU,Europe,66.0,57.56,33.85,75,6.17,68
866062,Iskateley,RU,Europe,67.68,53.15,30.07,100,8.52,32
877747,Mtwara,TZ,Africa,-10.28,40.18,75.88,100,10.54,0
882100,Rusape,ZW,Africa,-18.53,32.12,48.52,59,3.94,0
884141,Norton,ZW,Africa,-17.87,30.7,54.1,65,8.19,0
889191,Karoi,ZW,Africa,-16.82,29.68,60.4,36,11.32,0
893485,Chiredzi,ZW,Africa,-21.05,31.67,59.77,78,11.21,8
893549,Chipinge,ZW,Africa,-20.19,32.62,58.6,74,2.71,0
902620,Mwinilunga,ZM,Africa,-11.73,24.43,55.0,63,5.28,0
905395,Mufulira,ZM,Africa,-12.55,28.24,56.71,49,9.75,0
915471,Kalabo,ZM,Africa,-15.0,22.67,57.7,60,3.6,0
921786,Mitsamiouli,KM,Africa,-11.38,43.28,82.4,61,8.05,20
921889,Fomboni,KM,Africa,-12.28,43.74,82.09,98,11.32,0
924492,Ntcheu,MW,Africa,-14.82,34.64,62.38,71,9.08,0
925789,Mulanje,MW,Africa,-16.03,35.5,65.62,70,2.93,0
933088,Serowe,BW,Africa,-22.4,26.7,50.32,50,5.5,0
933102,Sekoma,BW,Africa,-24.51,23.93,40.24,59,3.6,0
933162,Pilikwe,BW,Africa,-22.8,27.19,47.35,58,4.38,0
933995,Souillac,MU,Africa,-20.52,57.52,77.0,69,16.11,40
934322,Mahebourg,MU,Africa,-20.41,57.7,77.0,69,16.11,40
934479,Grand Gaube,MU,Africa,-20.01,57.66,77.0,69,16.11,40
934649,Cap Malheureux,MU,Africa,-19.98,57.61,77.0,69,16.11,40
935215,Saint-Philippe,RE,Africa,-21.36,55.77,77.7,57,19.46,20
946058,Umtata,ZA,Africa,-31.59,28.78,49.78,80,3.71,68
961226,Ritchie,ZA,Africa,-29.03,24.6,41.0,76,5.82,0
962367,Richards Bay,ZA,Africa,-28.77,32.06,58.78,100,12.77,100
964420,Port Elizabeth,ZA,Africa,-33.92,25.57,51.8,87,3.36,0
964432,Port Alfred,ZA,Africa,-33.59,26.89,54.64,100,7.29,12
964712,Plettenberg Bay,ZA,Africa,-34.05,23.37,53.11,100,4.72,0
967106,Oudtshoorn,ZA,Africa,-33.59,22.2,50.0,71,3.36,0
978895,Margate,ZA,Africa,-30.86,30.37,59.59,100,18.25,76
986134,Kuruman,ZA,Africa,-27.46,23.43,30.88,70,5.28,0
986717,Kruisfontein,ZA,Africa,-34.0,24.73,51.49,100,5.61,0
988290,Komatipoort,ZA,Africa,-25.43,31.95,65.17,67,15.01,32
991664,Kathu,ZA,Africa,-27.7,23.05,30.16,69,4.16,0
995573,Hoopstad,ZA,Africa,-27.83,25.91,36.64,100,3.38,0
1006984,East London,ZA,Africa,-33.02,27.91,53.6,76,8.05,75
1015776,Bredasdorp,ZA,Africa,-34.53,20.04,39.2,93,5.82,0
1021360,Ballitoville,ZA,Africa,-29.54,31.21,57.34,94,12.66,92
1024696,Dondo,MZ,Africa,-19.62,34.74,71.6,83,2.24,20
1026014,Tete,MZ,Africa,-16.16,33.59,66.34,75,4.16,0
1039536,Maxixe,MZ,Africa,-23.86,35.35,68.0,88,4.7,40
1039854,Matola,MZ,Africa,-25.97,32.47,67.33,60,20.49,0
1045114,Inhambane,MZ,Africa,-23.87,35.38,68.0,88,4.7,40
1052944,Angoche,MZ,Africa,-16.23,39.91,76.87,100,10.31,48
1053384,Toamasina,MG,Africa,-18.17,49.38,77.0,61,12.75,20
1056899,Sambava,MG,Africa,-14.27,50.17,76.78,100,20.71,80
1057095,Sakaraha,MG,Africa,-22.91,44.53,66.52,61,3.71,0
1059051,Miandrivazo,MG,Africa,-19.53,45.46,73.99,51,3.94,8
1059507,Marovoay,MG,Africa,-16.11,46.64,78.8,50,6.93,0
1067565,Beloha,MG,Africa,-25.17,45.06,69.22,63,6.29,0
1068971,Antsohihy,MG,Africa,-14.88,47.99,80.2,52,13.0,0
1071296,Antalaha,MG,Africa,-14.9,50.28,75.7,94,12.88,48
1072849,Ankazobe,MG,Africa,-18.32,47.12,62.6,59,3.36,20
1072879,Ankazoabo,MG,Africa,-22.29,44.51,70.57,55,5.06,8
1076194,Andilamena,MG,Africa,-17.01,48.57,64.09,73,6.17,8
1076454,Andapa,MG,Africa,-14.66,49.65,70.57,74,5.39,48
1079048,Ambovombe,MG,Africa,-25.18,46.09,68.23,95,4.94,0
1082243,Ambilobe,MG,Africa,-13.19,49.05,80.74,52,7.63,76
1083724,Ambanja,MG,Africa,-13.68,48.45,82.4,53,2.24,40
1090397,Bandrele,YT,Africa,-12.91,45.19,84.2,62,14.99,20
1090467,Boueni,YT,Africa,-12.9,45.08,84.2,62,14.99,20
1106643,Quatre Cocos,MU,Africa,-20.21,57.76,77.0,69,16.11,40
1106677,Bambous Virieux,MU,Africa,-20.34,57.76,77.0,69,16.11,40
1123004,Taloqan,AF,Asia,36.74,69.54,78.85,27,3.04,0
1131162,Panjab,AF,Asia,34.38,67.02,57.16,78,1.92,0
1131462,Uruzgan,AF,Asia,32.93,66.63,83.26,17,2.71,0
1140026,Herat,AF,Asia,34.35,62.22,84.2,39,11.41,0
1150965,Ranong,TH,Asia,9.96,98.62,87.8,74,8.05,40
1151464,Phangnga,TH,Asia,8.45,98.53,88.2,74,3.36,75
1152222,Mae Hong Son,TH,Asia,19.3,97.97,89.6,49,3.36,40
1153669,Chiang Rai,TH,Asia,19.9,99.84,91.4,63,4.7,75
1159716,Sarakhs,IR,Asia,36.54,61.16,82.4,15,11.41,64
1161724,Chabahar,IR,Asia,25.29,60.65,87.58,91,9.19,0
1168312,Pasni,PK,Asia,25.26,63.48,85.42,90,11.65,36
1174451,Keti Bandar,PK,Asia,24.14,67.45,84.88,97,19.04,88
1176358,Jalalpur Pirwala,PK,Asia,29.5,71.22,105.04,30,14.0,0
1176515,Sanghar,PK,Asia,28.18,68.31,109.54,26,6.4,0
1179758,Diplo,PK,Asia,24.47,69.59,96.94,47,15.23,0
1182998,Bela,PK,Asia,26.23,66.31,92.8,45,3.6,0
1184020,Baffa,PK,Asia,34.44,73.22,93.43,23,1.59,0
1185251,Lalmohan,BD,Asia,22.34,90.74,84.88,92,14.0,68
1207339,Chandpur,BD,Asia,23.22,90.65,82.0,100,7.18,64
1213855,Sibolga,ID,Asia,1.74,98.78,82.45,73,2.82,24
1214488,Meulaboh,ID,Asia,4.14,96.13,84.7,100,4.83,88
1214965,Kabanjahe,ID,Asia,3.1,98.49,84.34,49,3.04,36
1215502,Banda Aceh,ID,Asia,5.56,95.32,87.85,69,3.6,20
1216265,Samarkand,UZ,Asia,39.65,66.98,71.6,28,11.41,48
1220798,Panjakent,TJ,Asia,39.5,67.61,71.6,28,11.41,80
1223738,Weligama,LK,Asia,5.97,80.42,79.75,100,15.68,68
1235846,Matara,LK,Asia,5.95,80.54,79.75,100,15.68,68
1244926,Hambantota,LK,Asia,6.12,81.12,81.82,95,19.04,56
1246294,Galle,LK,Asia,6.04,80.22,79.75,100,15.68,68
1252668,Ziro,IN,Asia,27.54,93.82,72.01,72,1.92,88
1252699,Zahirabad,IN,Asia,17.68,77.61,86.68,83,8.19,0
1252783,Yarada,IN,Asia,17.65,83.27,86.59,100,14.45,8
1252795,Yanam,IN,Asia,16.73,82.22,93.97,66,6.17,0
1252810,Yairipok,IN,Asia,24.67,94.07,84.2,70,9.17,75
1252925,Warora,IN,Asia,20.23,79.0,102.34,39,13.44,0
1253237,Veraval,IN,Asia,20.9,70.37,89.29,72,8.63,0
1253401,Varca,IN,Asia,15.22,73.92,78.94,100,6.96,92
1253807,Umred,IN,Asia,20.85,79.32,100.4,39,6.93,0
1258269,Razole,IN,Asia,16.48,81.84,86.86,97,5.84,0
1259184,Puri,IN,Asia,19.8,85.85,93.2,71,14.0,40
1259385,Port Blair,IN,Asia,11.67,92.75,77.32,100,14.45,92
1259395,Porbandar,IN,Asia,21.64,69.61,93.2,56,9.17,40
1259784,Phek,IN,Asia,25.7,94.46,77.14,81,1.7,92
1260962,Pachmarhi,IN,Asia,22.47,78.44,94.6,40,12.77,0
1261050,Olpad,IN,Asia,21.34,72.75,90.82,77,6.17,0
1261309,Chinchani,IN,Asia,16.42,74.53,83.35,79,7.96,12
1263751,Mangrol,IN,Asia,25.33,76.51,105.4,22,16.91,0
1264436,Maharajganj,IN,Asia,26.11,84.5,91.54,67,15.23,24
1264976,Leh,IN,Asia,34.16,77.58,23.05,97,1.7,0
1266128,Koraput,IN,Asia,18.81,82.72,89.56,64,4.27,0
1267390,Kavaratti,IN,Asia,10.57,72.64,78.67,100,16.46,92
1269945,Hosangadi,IN,Asia,13.7,74.96,73.63,100,3.04,92
1271892,Fatwa,IN,Asia,25.52,85.32,96.8,53,11.41,40
1273166,Dergaon,IN,Asia,26.71,93.97,83.53,81,3.27,88
1273294,Dwarka,IN,Asia,28.58,77.04,104.0,38,10.29,8
1273765,Dabhol,IN,Asia,17.6,73.17,81.91,100,5.39,88
1275905,Bhitarwar,IN,Asia,25.8,78.11,104.0,35,6.06,0
1277216,Banswada,IN,Asia,18.38,77.88,95.32,50,9.64,0
1277533,Baloda,IN,Asia,22.15,82.48,96.49,46,6.62,8
1278201,Atmakur,IN,Asia,15.88,78.59,87.58,75,10.42,8
1279123,Akividu,IN,Asia,16.58,81.37,102.2,37,6.93,0
1280037,Shache,CN,Asia,38.42,77.24,90.37,27,10.42,0
1280957,Jiuquan,CN,Asia,39.73,98.49,69.76,31,5.39,0
1282256,Hithadhoo,MV,Asia,-0.6,73.08,83.98,100,10.2,48
1283285,Jumla,NP,Asia,29.28,82.18,53.38,68,1.59,0
1283628,Bhadrapur,NP,Asia,26.55,88.09,83.35,90,12.66,20
1307741,Myitkyina,MM,Asia,25.38,97.4,74.35,100,2.93,92
1328421,Pathein,MM,Asia,16.78,94.73,80.38,99,5.06,56
1337605,Mahibadhoo,MV,Asia,3.78,72.97,84.52,97,13.22,64
1337607,Kudahuvadhoo,MV,Asia,2.67,72.89,82.99,100,10.65,88
1337610,Thinadhoo,MV,Asia,0.53,72.93,84.25,100,10.76,36
1337613,Kulhudhuffushi,MV,Asia,6.62,73.07,81.46,100,15.23,80
1485020,Znamenskoye,RU,Europe,57.13,73.82,51.13,71,18.25,24
1485724,Talaya,RU,Europe,55.79,84.89,53.38,64,18.7,92
1486321,Yar-Sale,RU,Europe,66.83,70.83,32.68,97,16.8,80
1486910,Komsomolskiy,RU,Europe,67.55,63.78,27.37,99,18.48,92
1487332,Verkhnyaya Inta,RU,Europe,65.99,60.32,32.14,62,6.4,88
1487939,Uvat,RU,Europe,59.14,68.9,48.7,58,9.19,12
1488429,Uray,RU,Europe,60.13,64.8,52.12,54,6.4,8
1488774,Tyukhtet,RU,Europe,56.54,89.31,60.22,63,12.77,36
1488903,Turukhansk,RU,Europe,65.8,87.96,44.47,85,14.56,44
1489499,Togur,RU,Europe,58.36,82.83,50.05,73,15.9,92
1489822,Teguldet,RU,Europe,57.31,88.17,60.31,35,9.19,76
1489853,Tazovskiy,RU,Europe,67.47,78.7,34.57,99,20.27,32
1489962,Tavda,RU,Europe,58.04,65.27,53.2,83,7.74,12
1490085,Tarko-Sale,RU,Europe,64.92,77.78,45.82,96,13.89,68
1490256,Talnakh,RU,Europe,69.49,88.39,36.37,91,17.58,56
1490918,Staryy Nadym,RU,Europe,65.61,72.68,35.83,97,11.43,92
1493162,Salym,RU,Europe,60.06,71.48,47.8,60,8.97,76
1494237,Predivinsk,RU,Europe,57.07,93.44,63.82,39,6.85,32
1494276,Poykovskiy,RU,Europe,61.23,73.33,42.8,70,8.95,75
1495626,Pangody,RU,Europe,65.85,74.49,34.48,99,15.9,80
1496073,Orlik,RU,Europe,52.51,99.83,39.88,100,2.48,92
1497337,Kayerkan,RU,Europe,69.35,87.76,36.91,90,20.27,36
1497376,Nizhnyaya Tavda,RU,Europe,57.67,66.17,56.08,68,11.21,12
1498087,Nadym,RU,Europe,65.53,72.51,35.83,97,11.43,92
1498919,Mezhdurechenskiy,RU,Europe,59.59,65.91,52.12,58,5.73,20
1500399,Lokosovo,RU,Europe,61.13,74.84,46.72,78,10.98,48
1501377,Kungurtug,RU,Europe,50.6,97.53,46.36,62,8.63,80
1502387,Kosikha,RU,Europe,53.36,84.58,58.6,59,19.71,92
1505579,Inta,RU,Europe,66.04,60.13,32.68,68,5.95,64
1505584,Inskoy,RU,Europe,54.43,86.44,61.84,64,14.23,76
1505946,Ikovka,RU,Europe,55.61,64.94,59.41,50,16.69,48
1505991,Igarka,RU,Europe,67.47,86.57,38.26,88,14.0,56
1506268,Gornopravdinsk,RU,Europe,60.06,69.92,46.54,68,8.97,88
1506938,Erzin,RU,Europe,50.26,95.16,51.94,50,8.86,88
1507116,Dudinka,RU,Europe,69.41,86.18,36.46,92,22.5,88
1507390,Dikson,RU,Europe,73.51,80.55,33.94,90,20.49,92
1509844,Boguchany,RU,Europe,58.38,97.46,63.64,45,4.94,0
1509999,Blagoveshchenka,RU,Europe,52.83,79.87,59.32,69,20.71,56
1510377,Belyy Yar,RU,Europe,53.6,91.39,68.0,37,11.18,0
1510689,Baykit,RU,Europe,61.68,96.39,53.47,77,4.94,36
1511846,Oktyabrskoye,RU,Europe,56.73,85.44,55.45,51,11.43,92
1512019,Aksarka,RU,Europe,66.56,67.8,32.23,96,18.03,92
1512979,Mangit,UZ,Asia,40.6,70.96,64.4,88,4.94,92
1514792,Gazojak,TM,Asia,41.19,61.4,71.2,40,10.09,0
1515029,Ulaangom,MN,Asia,49.98,92.07,51.85,62,3.15,48
1516048,Hovd,MN,Asia,48.01,91.64,67.42,20,7.74,0
1517637,Ushtobe,KZ,Asia,45.25,77.98,67.24,72,4.94,20
1519275,Shar,KZ,Asia,49.59,81.05,69.04,34,11.43,0
1519395,Serebryansk,KZ,Asia,49.68,83.3,68.0,32,11.18,40
1521230,Makinsk,KZ,Asia,52.63,70.42,55.0,74,16.35,20
1524296,Esil,KZ,Asia,51.96,66.41,60.85,72,14.79,0
1524606,Derzhavinsk,KZ,Asia,51.1,66.31,64.81,62,14.56,0
1524801,Shieli,KZ,Asia,44.18,66.74,71.65,21,12.77,8
1525798,Balkhash,KZ,Asia,46.84,74.98,64.27,75,5.61,0
1526038,Atbasar,KZ,Asia,51.81,68.36,60.94,63,13.78,0
1528998,Yumen,CN,Asia,40.29,97.04,82.72,21,3.49,0
1529376,Korla,CN,Asia,41.76,86.15,84.34,26,8.75,44
1529484,Hami,CN,Asia,42.84,93.51,92.08,27,9.98,0
1529660,Aksu,CN,Asia,41.12,80.26,73.18,38,9.42,92
1562414,Vung Tau,VN,Asia,10.35,107.08,87.8,70,9.17,40
1563281,Tuy Hoa,VN,Asia,13.08,109.3,80.56,94,18.37,100
1563926,Tra Vinh,VN,Asia,9.93,106.35,85.15,86,10.42,88
1567681,Son La,VN,Asia,21.32,103.9,78.22,84,2.37,68
1568770,Quang Ngai,VN,Asia,15.12,108.8,74.17,96,5.73,92
1578500,Kon Tum,VN,Asia,14.36,108.0,74.8,83,5.06,100
1582886,Dong Hoi,VN,Asia,17.48,106.6,85.15,88,15.68,88
1586185,Cao Bang,VN,Asia,22.67,106.25,78.22,100,3.6,76
1586203,Can Tho,VN,Asia,10.04,105.78,82.27,100,11.54,88
1606851,Sai Buri,TH,Asia,6.7,101.62,91.4,59,4.7,20
1608033,Pak Phanang,TH,Asia,8.35,100.2,95.0,56,3.36,40
1609278,Laem Sing,TH,Asia,12.48,102.07,80.6,94,9.53,75
1610943,Den Chai,TH,Asia,17.98,100.06,94.44,47,3.36,40
1611195,Chiang Klang,TH,Asia,19.29,100.86,93.2,49,2.24,40
1611197,Chiang Khong,TH,Asia,20.26,100.4,91.4,63,4.7,75
1621313,Ambulu,ID,Asia,-8.35,113.61,82.45,88,7.52,32
1622318,Waingapu,ID,Asia,-9.65,120.26,85.42,58,8.97,44
1623197,Tual,ID,Asia,-5.67,132.75,82.72,98,13.44,20
1623424,Tondano,ID,Asia,1.3,124.91,87.8,66,6.93,20
1623502,Sabang,ID,Asia,1.17,120.82,83.53,100,4.16,20
1624725,Tarakan,ID,Asia,3.3,117.63,84.97,91,3.38,64
1625908,Sungairaya,ID,Asia,0.7,108.9,88.75,72,4.05,12
1626493,Srandakan,ID,Asia,-7.94,110.25,91.9,48,3.6,76
1626542,Sorong,ID,Asia,-0.86,131.25,78.94,100,13.44,92
1628884,Sampit,ID,Asia,-2.54,112.95,93.88,56,6.29,0
1629380,Ruteng,ID,Asia,-8.61,120.46,81.28,74,4.61,44
1629965,Tanete,ID,Asia,-3.94,119.78,85.6,73,13.22,48
1629974,Rantepao,ID,Asia,-2.97,119.9,76.78,84,2.82,44
1630723,Poso,ID,Asia,-1.4,120.75,81.55,100,3.71,88
1630789,Pontianak,ID,Asia,-0.02,109.34,87.67,81,4.94,64
1631905,Payakumbuh,ID,Asia,-0.23,100.63,86.14,66,3.15,24
1632694,Pangkalanbuun,ID,Asia,-2.68,111.62,90.37,63,6.73,20
1633419,Padang,ID,Asia,-0.92,100.36,82.9,100,4.72,0
1634614,Nabire,ID,Asia,-3.36,135.5,74.8,91,1.92,68
1636426,Manggar,ID,Asia,-2.88,108.27,88.48,76,9.08,0
1636544,Manado,ID,Asia,1.49,124.85,87.8,66,6.93,20
1636806,Majene,ID,Asia,-3.54,118.97,84.43,95,8.63,44
1637001,Biak,ID,Asia,-0.91,122.88,78.58,98,6.62,92
1637510,Loa Janan,ID,Asia,-0.58,117.09,86.95,75,2.37,24
1641899,Labuhan,ID,Asia,-2.54,115.51,87.67,67,3.15,20
1642858,Jambi,ID,Asia,-1.6,103.62,89.56,72,5.28,0
1648186,Bontang,ID,Asia,0.12,117.47,85.96,86,5.17,88
1648636,Bitung,ID,Asia,1.44,125.19,87.8,66,3.36,20
1648759,Bima,ID,Asia,-8.45,118.73,83.35,75,3.15,80
1650233,Banjar,ID,Asia,-7.37,108.54,89.47,52,5.17,32
1651103,Atambua,ID,Asia,-9.11,124.89,83.17,86,5.39,0
1651531,Ambon,ID,Asia,-3.7,128.18,77.23,100,4.38,48
1680763,Tumarbong,PH,Asia,10.38,119.46,85.78,98,11.21,80
1684245,Tagusao,PH,Asia,9.19,117.81,88.3,75,6.06,20
1685755,Union,PH,Asia,12.9,124.09,87.49,95,5.95,48
1687428,San Vicente,PH,Asia,14.11,122.87,86.95,100,6.29,0
1688545,San Roque,PH,Asia,12.54,124.87,86.32,97,7.63,100
1688696,San Policarpo,PH,Asia,12.18,125.51,86.59,88,8.41,80
1693839,Pilar,PH,Asia,14.67,120.55,92.62,63,11.41,75
1695555,Pandan,PH,Asia,11.72,122.09,86.68,98,12.66,0
1697006,Oroquieta,PH,Asia,8.49,123.8,89.92,64,4.16,12
1698289,Pundaguitan,PH,Asia,6.37,126.17,87.94,90,6.62,20
1706466,Ligayan,PH,Asia,4.65,119.47,84.52,100,9.31,24
1707108,Latung,PH,Asia,5.5,120.88,84.88,100,8.08,20
1708130,Lagawe,PH,Asia,16.8,121.12,81.55,86,2.48,24
1708743,Kinablangan,PH,Asia,7.69,126.55,88.3,92,8.86,48
1711447,Iba,PH,Asia,15.33,119.98,92.3,63,11.41,75
1720820,Cajimos,PH,Asia,12.59,122.28,89.6,59,11.41,75
1726449,Basco,PH,Asia,20.45,121.97,86.95,97,7.4,80
1729469,Baculin,PH,Asia,7.45,126.58,83.35,92,3.04,80
1730622,Anito,PH,Asia,12.45,125.29,87.4,92,9.42,88
1731248,Alugan,PH,Asia,12.22,125.48,86.59,88,8.41,80
1731314,Almeria,PH,Asia,11.62,124.38,87.04,95,8.75,12
1732385,Aborlan,PH,Asia,9.44,118.55,89.6,70,11.41,40
1734715,Marang,MY,Asia,5.21,103.21,89.6,70,3.36,75
1735799,Sri Aman,MY,Asia,1.24,111.46,91.4,66,3.36,75
1735902,Sibu,MY,Asia,2.29,111.83,87.8,70,4.7,75
1737486,Bintulu,MY,Asia,3.17,113.03,89.6,70,8.05,75
1738050,Miri,MY,Asia,4.41,114.01,89.6,55,9.17,75
1783956,Yatou,CN,Asia,33.81,104.32,62.65,45,1.81,12
1784055,Zhuanghe,CN,Asia,39.7,122.97,68.32,82,14.9,12
1784543,Zhifang,CN,Asia,30.35,114.31,82.4,58,4.47,0
1785036,Zhangye,CN,Asia,38.94,100.46,76.15,51,4.72,0
1785462,Zaoyang,CN,Asia,32.12,112.76,86.77,62,4.38,48
1786657,Yinchuan,CN,Asia,38.48,106.21,82.36,21,8.75,0
1788457,Nanding,CN,Asia,24.87,105.42,64.45,97,5.17,92
1788852,Xining,CN,Asia,36.62,101.77,60.67,48,5.95,80
1791779,Wanning,CN,Asia,18.8,110.4,80.92,100,10.54,68
1794971,Shitanjing,CN,Asia,39.23,106.34,80.56,9,4.05,0
1795632,Shenjiamen,CN,Asia,29.96,122.3,73.54,89,6.51,76
1797181,Renqiu,CN,Asia,38.71,116.1,90.46,35,14.0,0
1797318,Qujing,CN,Asia,25.49,103.8,58.78,96,11.1,92
1797543,Tianpeng,CN,Asia,28.88,112.34,75.34,91,7.4,92
1797929,Qingdao,CN,Asia,36.09,120.35,77.0,57,15.66,0
1798480,Pumiao,CN,Asia,22.75,108.49,86.0,74,11.18,40
1799397,Zhenhai,CN,Asia,29.95,121.71,80.6,61,4.47,0
1799962,Xuanwu,CN,Asia,32.07,118.81,84.2,48,2.24,20
1800163,Nanchang,CN,Asia,28.68,115.89,77.77,81,4.27,100
1802276,Longyan,CN,Asia,25.1,117.03,81.46,73,2.04,24
1803936,Wuwei,CN,Asia,37.93,102.64,68.68,44,4.61,20
1804386,Gucheng,CN,Asia,32.27,111.65,83.62,51,5.84,80
1805270,Jishou,CN,Asia,28.26,109.7,66.88,100,6.51,100
1805528,Wucheng,CN,Asia,29.09,119.57,72.1,94,0.58,92
1805753,Jinan,CN,Asia,36.65,117.11,86.77,50,5.06,0
1806408,Yangjiang,CN,Asia,21.85,111.96,82.9,100,17.81,88
1806445,Jishui,CN,Asia,27.23,115.13,79.93,84,4.61,76
1808722,Hefei,CN,Asia,31.82,117.22,84.2,42,2.24,0
1809223,Gushi,CN,Asia,32.17,115.65,87.85,66,4.5,48
1811720,Enshi,CN,Asia,30.29,109.48,63.1,96,3.6,92
1811729,Jinji,CN,Asia,22.16,112.49,81.46,86,9.19,92
1814093,Dali,CN,Asia,25.6,100.24,64.9,95,1.81,92
1814906,Chongqing,CN,Asia,29.56,106.55,75.2,69,4.47,40
1816971,Baoding,CN,Asia,38.86,115.49,85.51,44,11.32,0
1817240,Baiyin,CN,Asia,36.55,104.13,64.4,36,24.61,75
1818051,Anjiang,CN,Asia,27.32,110.14,66.52,100,5.39,92
1835848,Seoul,KR,Asia,37.57,126.98,76.66,57,9.17,75
1847947,Shingu,JP,Asia,33.72,135.99,73.4,69,8.05,40
1848373,Yokkaichi,JP,Asia,34.97,136.62,75.2,57,14.99,20
1848373,Fukue,JP,Asia,35.03,136.69,75.2,69,14.99,20
1848976,Wajima,JP,Asia,37.4,136.9,78.8,47,5.82,20
1849876,Tateyama,JP,Asia,36.66,137.31,82.4,39,12.75,20
1850144,Nishihara,JP,Asia,35.74,139.53,82.81,30,12.75,1
1852357,Shimoda,JP,Asia,34.7,138.93,77.0,61,10.29,20
1855540,Naze,JP,Asia,28.37,129.48,80.6,74,10.29,75
1856392,Muroto,JP,Asia,33.37,134.14,77.0,61,8.05,75
1861280,Itoman,JP,Asia,26.12,127.67,83.53,74,12.75,20
1861416,Ishigaki,JP,Asia,24.34,124.16,84.2,83,6.93,75
1862505,Hirara,JP,Asia,24.8,125.28,86.0,74,8.05,40
1864132,Fujieda,JP,Asia,34.93,138.23,76.51,51,7.18,0
1865309,Katsuura,JP,Asia,33.93,134.5,77.0,53,8.05,75
1880252,Singapore,SG,Asia,1.29,103.85,90.54,66,5.82,75
2012349,Krasnyy Chikoy,RU,Europe,50.36,108.75,63.55,38,5.28,8
2012530,Zhigansk,RU,Europe,66.77,123.37,65.62,52,6.51,8
2012702,Zalari,RU,Europe,53.57,102.52,58.87,66,20.38,76
2012956,Yerbogachen,RU,Europe,61.28,108.01,66.97,42,4.61,0
2013279,Vostok,RU,Europe,46.45,135.83,75.16,56,4.16,68
2013406,Vidim,RU,Europe,56.41,103.11,65.98,47,5.5,48
2013465,Verkhoyansk,RU,Europe,67.55,133.39,48.07,98,3.6,92
2013639,Verkhnevilyuysk,RU,Europe,63.45,120.31,68.32,30,3.49,0
2013727,Vanavara,RU,Europe,60.35,102.28,67.96,51,4.72,8
2013952,Ust-Ilimsk,RU,Europe,57.96,102.73,66.79,56,3.6,44
2014624,Udachnyy,RU,Europe,66.42,112.4,67.51,48,7.29,0
2014718,Tynda,RU,Europe,55.15,124.74,55.27,100,5.06,92
2014833,Tura,RU,Europe,64.27,100.22,56.26,76,5.61,92
2014927,Tulun,RU,Europe,54.56,100.58,51.13,86,8.75,92
2015217,Tokur,RU,Europe,53.13,132.9,64.9,72,3.94,92
2015306,Tiksi,RU,Europe,71.64,128.87,51.94,87,3.04,32
2015852,Svetlaya,RU,Europe,46.54,138.33,58.15,80,6.51,32
2016307,Solnechnyy,RU,Europe,50.72,136.64,73.27,62,3.83,44
2016907,Severomuysk,RU,Europe,56.17,113.57,45.28,84,2.59,92
2017155,Saskylakh,RU,Europe,71.97,114.09,52.57,99,6.06,88
2017409,Romny,RU,Europe,50.73,129.29,64.18,100,14.12,88
2017658,Preobrazheniye,RU,Europe,42.9,133.91,73.27,54,4.38,64
2017945,Petrovsk-Zabaykalskiy,RU,Europe,51.27,108.84,64.63,36,5.73,68
2018069,Peleduy,RU,Europe,59.63,112.75,66.7,42,6.62,0
2018735,Nyurba,RU,Europe,63.29,118.35,70.84,34,3.6,0
2019004,Novaya Igirma,RU,Europe,57.14,103.93,63.64,44,4.38,8
2019488,Namtsy,RU,Europe,62.72,129.66,64.99,31,6.96,8
2019935,Mnogovershinnyy,RU,Europe,53.94,139.92,54.1,78,3.71,44
2020584,Magistralnyy,RU,Europe,56.17,107.45,60.76,52,5.84,36
2020707,Londoko,RU,Europe,49.03,131.98,74.35,44,5.61,68
2020738,Litovko,RU,Europe,49.24,135.18,82.18,48,7.18,76
2021041,Kyra,RU,Europe,49.58,111.97,55.54,52,8.97,64
2021188,Kurumkan,RU,Europe,54.33,110.32,51.94,60,2.26,8
2022083,Alekseyevsk,RU,Europe,57.84,108.35,63.01,48,6.4,76
2022572,Khatanga,RU,Europe,71.98,102.47,56.98,82,8.75,68
2022773,Khandyga,RU,Europe,62.65,135.58,63.1,30,3.94,20
2023333,Kachug,RU,Europe,53.96,105.89,62.38,54,7.85,0
2023584,Imeni Poliny Osipenko,RU,Europe,52.42,136.49,70.03,58,6.06,68
2025241,Churapcha,RU,Europe,62.0,132.43,69.04,30,5.06,0
2025456,Chernyshevskiy,RU,Europe,63.01,112.47,65.35,41,3.38,0
2025630,Chara,RU,Europe,56.9,118.26,42.58,100,2.82,92
2026786,Berezovyy,RU,Europe,51.67,135.7,68.5,58,3.49,88
2026861,Berdigestyakh,RU,Europe,62.1,126.7,68.05,30,3.71,0
2027042,Batagay-Alyta,RU,Europe,67.8,130.41,52.93,88,5.95,92
2027044,Batagay,RU,Europe,67.65,134.64,48.34,96,4.72,92
2027196,Balakhninskiy,RU,Europe,58.01,114.28,61.48,43,7.74,8
2027276,Babushkin,RU,Europe,51.72,105.86,57.97,56,8.08,0
2027296,Aykhal,RU,Europe,65.95,111.51,65.26,52,10.42,0
2027740,Amurzet,RU,Europe,47.7,131.1,77.05,43,7.63,48
2028164,Deputatskiy,RU,Europe,69.3,139.9,46.99,61,5.73,44
2028462,Ulaanbaatar,MN,Asia,47.92,106.92,71.6,15,24.61,20
2029156,Suhbaatar,MN,Asia,50.23,106.21,69.22,40,15.68,0
2029947,Moron,MN,Asia,47.38,110.32,69.04,39,16.35,0
2030065,Mandalgovi,MN,Asia,45.76,106.27,80.2,22,14.67,0
2031964,Darhan,MN,Asia,49.49,105.92,74.17,29,13.78,0
2032614,Baruun-Urt,MN,Asia,46.68,113.28,68.68,24,17.13,0
2033196,Zhangjiakou,CN,Asia,40.77,114.88,79.57,29,13.89,0
2033536,Yakeshi,CN,Asia,49.28,120.73,67.33,33,10.76,80
2034440,Tieli,CN,Asia,46.98,128.05,69.22,61,10.98,88
2034615,Tahe,CN,Asia,52.34,124.71,67.96,64,4.05,44
2036106,Liaozhong,CN,Asia,41.51,122.73,84.2,35,11.18,0
2037311,Gannan,CN,Asia,47.92,123.49,76.24,39,9.86,0
2037485,Erenhot,CN,Asia,43.65,111.97,82.72,19,23.06,0
2037820,Dashitou,CN,Asia,43.3,128.5,72.1,47,9.53,68
2038087,ChengDe,CN,Asia,40.97,117.93,82.27,29,9.19,0
2038650,Anda,CN,Asia,46.41,125.33,80.65,22,18.7,100
2039557,Khasan,RU,Europe,42.43,130.64,65.26,67,4.16,76
2052479,Zhuhai,CN,Asia,40.71,112.04,84.2,14,17.9,0
2057087,Kupang,ID,Asia,-10.16,123.6,85.06,69,13.67,8
2059470,Victor Harbor,AU,Oceania,-35.55,138.62,59.0,82,8.05,75
2062276,Roebourne,AU,Oceania,-20.77,117.15,84.07,15,20.49,0
2063036,Port Lincoln,AU,Oceania,-34.72,135.86,61.21,89,3.6,68
2063039,Port Keats,AU,Oceania,-14.25,129.55,83.98,35,11.99,0
2063042,Port Hedland,AU,Oceania,-20.31,118.58,82.4,32,18.34,0
2063056,Port Augusta,AU,Oceania,-32.49,137.76,62.6,72,6.93,90
2063523,Perth,AU,Oceania,-31.95,115.86,70.41,52,10.29,0
2064550,Northam,AU,Oceania,-31.65,116.67,71.6,56,10.29,90
2064735,Nhulunbuy,AU,Oceania,-12.18,136.78,78.8,54,13.87,75
2065176,Murray Bridge,AU,Oceania,-35.12,139.28,57.7,99,8.19,0
2065594,Mount Isa,AU,Oceania,-20.73,139.49,71.6,15,13.87,0
2068079,Kwinana,AU,Oceania,-32.25,115.77,70.45,60,10.29,90
2068110,Kununurra,AU,Oceania,-15.77,128.74,84.2,10,8.05,0
2070998,Geraldton,AU,Oceania,-28.77,114.6,66.2,88,8.05,90
2071059,Gawler,AU,Oceania,-34.6,138.75,59.0,82,8.05,75
2071860,Esperance,AU,Oceania,-33.86,121.89,76.51,34,18.48,48
2074865,Carnarvon,AU,Oceania,-24.87,113.63,78.58,60,19.48,92
2075265,Busselton,AU,Oceania,-33.64,115.35,66.25,97,12.21,64
2075720,Broome,AU,Oceania,-17.97,122.23,86.0,17,9.17,0
2077895,Alice Springs,AU,Oceania,-23.7,133.88,68.0,18,10.29,0
2077963,Albany,AU,Oceania,-35.02,117.88,71.38,42,13.56,32
2079582,Alyangula,AU,Oceania,-13.85,136.42,78.22,86,17.69,0
2082539,Merauke,ID,Asia,-8.49,140.4,83.35,73,12.55,64
2084442,Vanimo,PG,Oceania,-2.67,141.3,81.64,100,6.17,64
2087894,Rabaul,PG,Oceania,-4.2,152.17,83.35,99,6.17,24
2088122,Port Moresby,PG,Oceania,-9.47,147.16,78.8,83,23.04,75
2088163,Popondetta,PG,Oceania,-8.77,148.24,70.48,99,1.36,92
2090021,Namatanai,PG,Oceania,-3.66,152.44,82.27,100,5.06,100
2091996,Madang,PG,Oceania,-5.21,145.81,77.23,100,1.81,92
2092164,Lorengau,PG,Oceania,-2.02,147.27,82.0,100,6.51,68
2093846,Kiunga,PG,Oceania,-6.12,141.3,74.98,97,2.59,92
2093967,Kimbe,PG,Oceania,-5.56,150.15,77.77,100,4.38,92
2094342,Kavieng,PG,Oceania,-2.57,150.8,83.17,100,6.06,48
2097418,Finschhafen,PG,Oceania,-6.6,147.85,70.03,100,2.59,92
2098329,Daru,PG,Oceania,-9.07,143.21,79.75,90,13.78,36
2100765,Angoram,PG,Oceania,-4.06,144.07,76.69,99,1.92,100
2108502,Honiara,SB,Oceania,-9.43,159.96,86.0,79,4.7,20
2109528,Buala,SB,Oceania,-8.15,159.59,82.9,88,4.94,48
2109701,Auki,SB,Oceania,-8.77,160.7,82.45,100,3.6,20
2110227,Butaritari,KI,Oceania,3.07,172.79,84.25,100,5.5,88
2110460,Yuzawa,JP,Asia,39.05,140.54,82.36,51,11.41,20
2111704,Namie,JP,Asia,37.52,140.86,75.83,39,5.82,20
2112802,Hasaki,JP,Asia,35.73,140.83,77.7,54,11.41,20
2119283,Zyryanka,RU,Europe,65.73,150.89,45.37,55,5.73,32
2120048,Ust-Nera,RU,Europe,64.57,143.24,44.74,60,2.37,12
2120591,Tilichiki,RU,Europe,60.47,166.1,42.58,86,9.53,80
2120612,Tigil,RU,Europe,57.8,158.67,41.5,88,16.13,92
2120864,Susuman,RU,Europe,62.78,148.15,46.18,44,5.5,44
2121025,Srednekolymsk,RU,Europe,67.46,153.71,36.73,81,6.17,88
2121385,Severo-Kurilsk,RU,Europe,50.68,156.12,41.32,92,4.38,92
2121909,Poronaysk,RU,Europe,49.22,143.1,74.08,70,2.93,0
2122090,Pevek,RU,Europe,69.7,170.27,39.88,76,6.17,0
2122104,Petropavlovsk-Kamchatskiy,RU,Europe,53.05,158.65,62.6,29,20.13,76
2122293,Ozernovskiy,RU,Europe,51.5,156.52,43.57,85,8.63,0
2122493,Omsukchan,RU,Europe,62.53,155.8,33.58,78,12.44,92
2122574,Ola,RU,Europe,59.58,151.3,53.6,34,11.18,75
2122605,Okhotsk,RU,Europe,59.36,143.24,51.94,68,2.82,0
2122614,Ekhabi,RU,Europe,53.51,142.97,50.41,86,11.32,56
2122614,Okha,RU,Europe,53.59,142.95,50.41,86,11.32,56
2122783,Nogliki,RU,Europe,51.8,143.14,42.13,82,10.98,0
2122783,Katangli,RU,Europe,51.71,143.23,42.13,82,10.98,0
2122894,Nevelsk,RU,Europe,46.67,141.86,69.8,60,13.42,0
2123100,Myaundzha,RU,Europe,63.05,147.18,48.88,46,6.73,56
2123814,Leningradskiy,RU,Europe,69.38,178.42,33.04,95,7.63,0
2125693,Evensk,RU,Europe,61.92,159.24,44.83,84,13.22,92
2125906,Dukat,RU,Europe,62.55,155.55,32.41,83,11.32,92
2125945,Dolinsk,RU,Europe,47.32,142.8,69.8,60,13.42,0
2126123,Chokurdakh,RU,Europe,70.62,147.9,32.95,100,7.63,32
2126199,Cherskiy,RU,Europe,68.75,161.3,45.64,68,6.51,8
2126682,Bilibino,RU,Europe,68.06,166.44,46.9,64,5.95,80
2126710,Beringovskiy,RU,Europe,63.05,179.32,35.2,90,18.03,92
2126785,Belaya Gora,RU,Europe,68.54,146.19,46.18,69,5.73,0
2127202,Anadyr,RU,Europe,64.73,177.51,37.4,93,20.13,90
2128815,Makubetsu,JP,Asia,42.84,143.34,87.8,29,2.24,20
2128975,Nemuro,JP,Asia,43.32,145.57,78.8,50,8.05,20
2132606,Samarai,PG,Oceania,-10.62,150.67,76.24,100,12.44,92
2134814,Sola,VU,Oceania,-13.88,167.55,82.4,88,5.17,75
2136150,Luganville,VU,Oceania,-15.51,167.18,73.45,100,4.16,92
2136825,Isangel,VU,Oceania,-19.55,169.27,75.34,100,6.73,88
2137690,We,NC,Oceania,-20.92,167.26,75.34,76,2.93,36
2137748,Voh,NC,Oceania,-20.95,164.69,72.82,99,8.19,0
2137773,Vao,NC,Oceania,-22.67,167.48,73.72,100,14.45,8
2138285,Tadine,NC,Oceania,-21.55,167.88,75.25,94,6.62,8
2139521,Noumea,NC,Oceania,-22.28,166.46,71.6,60,7.4,0
2140066,Mont-Dore,NC,Oceania,-22.23,166.53,71.6,60,5.5,0
2140558,Koumac,NC,Oceania,-20.56,164.28,74.08,66,6.4,0
2144502,Warwick,AU,Oceania,-28.22,152.03,58.69,87,5.17,44
2144604,Warragul,AU,Oceania,-38.16,145.93,52.84,85,2.59,88
2145554,Ulladulla,AU,Oceania,-35.36,150.48,57.2,76,10.29,75
2146219,Hervey Bay,AU,Oceania,-25.3,152.85,67.24,99,11.1,8
2147714,Sydney,AU,Oceania,-33.85,151.22,60.98,77,14.99,75
2149475,Singleton,AU,Oceania,-32.57,151.17,59.0,82,13.87,75
2151187,Roma,AU,Oceania,-26.57,148.79,64.27,51,10.65,0
2152659,Port Macquarie,AU,Oceania,-31.43,152.91,60.8,72,9.17,75
2152668,Portland,AU,Oceania,-33.35,149.98,50.95,80,2.59,88
2155415,New Norfolk,AU,Oceania,-42.78,147.06,55.4,62,3.36,75
2155562,Nelson Bay,AU,Oceania,-32.72,152.14,59.0,82,13.87,75
2156643,Mount Gambier,AU,Oceania,-37.83,140.78,52.3,97,4.16,80
2156927,Moree,AU,Oceania,-29.46,149.84,64.9,60,7.74,36
2157698,Mildura,AU,Oceania,-34.18,142.16,56.8,75,9.19,8
2158562,Maryborough,AU,Oceania,-25.54,152.7,67.24,69,2.26,0
2158767,Mareeba,AU,Oceania,-16.99,145.42,75.2,50,11.41,20
2159220,Mackay,AU,Oceania,-21.15,149.2,73.4,46,10.29,0
2160517,Launceston,AU,Oceania,-41.43,147.14,46.4,87,5.82,75
2161515,Kiama,AU,Oceania,-34.67,150.86,57.2,76,10.29,75
2163055,Horsham,AU,Oceania,-36.71,142.2,54.46,82,6.4,64
2163355,Hobart,AU,Oceania,-42.88,147.33,55.4,62,3.36,75
2164422,Griffith,AU,Oceania,-34.29,146.06,51.22,86,5.17,80
2164771,Grafton,AU,Oceania,-29.69,152.93,59.77,91,3.94,68
2167426,Emerald,AU,Oceania,-23.53,148.16,73.27,35,6.4,0
2168305,Dubbo,AU,Oceania,-32.25,148.6,62.6,39,5.82,0
2170430,Cootamundra,AU,Oceania,-34.64,148.03,51.67,99,3.94,88
2171722,Charters Towers,AU,Oceania,-20.07,146.27,66.25,58,4.61,0
2172797,Cairns,AU,Oceania,-16.92,145.77,75.2,50,11.41,20
2173125,Burnie,AU,Oceania,-41.05,145.91,55.9,100,13.78,8
2173911,Broken Hill,AU,Oceania,-31.97,141.45,60.22,59,11.77,0
2174444,Bowen,AU,Oceania,-20.01,148.25,75.2,27,8.05,0
2175403,Blackwater,AU,Oceania,-23.58,148.88,74.08,36,5.73,0
2177069,Ballina,AU,Oceania,-28.87,153.57,64.9,100,14.12,88
2177233,Bairnsdale,AU,Oceania,-37.83,147.63,51.94,89,3.71,32
2180737,Turangi,NZ,Oceania,-39.0,175.93,50.68,100,9.98,92
2180815,Tuatapere,NZ,Oceania,-46.13,167.69,39.25,100,0.92,0
2181625,Te Anau,NZ,Oceania,-45.41,167.72,27.55,93,1.59,36
2185329,Waipawa,NZ,Oceania,-39.94,176.59,55.09,98,14.23,92
2185763,Okato,NZ,Oceania,-39.19,173.88,59.23,97,20.27,100
2186111,Ngunguru,NZ,Oceania,-35.62,174.5,62.02,98,15.35,64
2187365,Mapua,NZ,Oceania,-41.25,173.1,46.18,97,3.27,92
2188371,Lincoln,NZ,Oceania,-43.64,172.49,48.2,100,4.7,76
2188874,Russell,NZ,Oceania,-35.26,174.12,59.14,98,8.41,92
2189343,Kaeo,NZ,Oceania,-35.1,173.78,59.14,98,8.41,92
2189529,Invercargill,NZ,Oceania,-46.41,168.35,27.55,98,3.15,32
2190172,Havelock,NZ,Oceania,-41.28,173.77,52.3,100,16.24,92
2191562,Dunedin,NZ,Oceania,-45.87,170.5,37.0,100,3.71,92
2191911,Dargaville,NZ,Oceania,-35.94,173.86,59.14,96,5.39,44
2192362,Christchurch,NZ,Oceania,-43.53,172.64,48.2,100,4.7,92
2194098,Ahipara,NZ,Oceania,-35.17,173.16,59.05,100,9.75,92
2206854,Gisborne,NZ,Oceania,-38.66,178.02,57.07,95,6.96,92
2206900,Westport,NZ,Oceania,-41.75,171.6,46.0,100,2.37,80
2206939,Bluff,NZ,Oceania,-46.6,168.33,40.87,100,7.63,8
2208248,Kaitangata,NZ,Oceania,-46.28,169.85,29.44,91,4.61,36
2209055,Waddan,LY,Africa,29.16,16.14,80.65,27,7.85,0
2210247,Tripoli,LY,Africa,32.88,13.19,77.0,50,3.83,75
2214433,Nalut,LY,Africa,31.86,10.98,73.09,61,6.96,56
2215163,Masallatah,LY,Africa,32.62,14.0,79.84,36,4.05,44
2216645,Hun,LY,Africa,29.13,15.95,80.65,27,7.85,0
2219235,Awbari,LY,Africa,26.59,12.77,88.84,18,8.63,80
2229798,Kousseri,CM,Africa,12.08,15.03,84.2,62,4.7,0
2233805,Bogo,CM,Africa,10.74,14.61,78.22,82,2.93,8
2234794,Banyo,CM,Africa,6.75,11.81,63.28,95,3.38,32
2236053,Abong Mbang,CM,Africa,3.98,13.18,69.49,97,2.82,76
2236568,Uige,AO,Africa,-7.61,15.06,61.21,66,4.61,0
2236967,Soyo,AO,Africa,-6.13,12.37,74.71,93,3.49,88
2239862,Malanje,AO,Africa,-9.54,16.35,57.88,68,6.62,0
2242885,Camabatela,AO,Africa,-8.19,15.37,55.72,70,5.84,0
2243271,Cabinda,AO,Africa,-5.56,12.19,75.2,94,3.6,75
2246452,Saint-Louis,SN,Africa,16.03,-16.5,71.6,88,4.7,20
2246901,Oussouye,SN,Africa,12.49,-16.54,75.2,88,2.24,75
2253354,Dakar,SN,Africa,14.69,-17.45,71.6,94,6.93,75
2258378,Loandjili,CG,Africa,-4.77,11.87,73.4,94,2.24,75
2264557,Ponta do Sol,PT,Europe,32.67,-17.1,66.2,68,9.17,40
2267226,Lagos,PT,Europe,37.1,-8.67,60.8,72,5.82,75
2267254,Lagoa,PT,Europe,37.14,-8.45,60.8,72,5.82,75
2270385,Camacha,PT,Europe,33.08,-16.33,65.43,82,10.29,75
2272491,Zwedru,LR,Africa,6.07,-8.13,73.0,96,3.38,92
2274895,Monrovia,LR,Africa,6.33,-10.8,75.2,94,3.83,40
2276492,Harper,LR,Africa,4.38,-7.71,80.74,100,6.96,88
2278158,Buchanan,LR,Africa,5.88,-10.05,75.2,94,3.94,40
2281120,Tabou,CI,Africa,4.42,-7.36,80.02,100,4.94,88
2281951,Sassandra,CI,Africa,4.95,-6.09,80.02,100,6.73,76
2288105,Grand-Lahou,CI,Africa,5.24,-5.0,76.42,95,3.04,92
2291779,Beoumi,CI,Africa,7.67,-5.58,73.27,98,3.49,36
2292755,Arrah,CI,Africa,6.67,-3.97,73.54,98,2.59,88
2294700,Tema,GH,Africa,5.66,-0.01,77.0,94,6.93,0
2294915,Takoradi,GH,Africa,4.89,-1.75,77.59,100,3.94,92
2297505,Navrongo,GH,Africa,10.89,-1.09,77.95,85,4.05,44
2303611,Axim,GH,Africa,4.87,-2.24,78.4,100,3.94,92
2309332,Ebebiyin,GQ,Africa,2.15,11.34,72.64,98,2.04,92
2314705,Kikwit,CD,Africa,-5.04,18.82,69.94,78,3.04,0
2315728,Gemena,CD,Africa,3.25,19.78,74.98,93,2.93,44
2316259,Bulungu,CD,Africa,-4.54,18.6,69.94,78,3.04,0
2318044,Yola,NG,Africa,9.26,12.45,73.54,90,3.71,0
2318123,Yenagoa,NG,Africa,4.92,6.26,75.25,97,0.13,88
2322911,Sokoto,NG,Africa,13.06,5.24,77.68,84,3.15,24
2330100,Minna,NG,Africa,9.62,6.55,72.1,97,5.17,92
2344082,Ikorodu,NG,Africa,6.62,3.5,78.8,94,3.15,40
2345521,Damaturu,NG,Africa,11.75,11.96,75.25,71,11.99,0
2361373,Diapaga,BF,Africa,12.07,1.79,76.87,81,6.73,48
2374583,Bubaque,GW,Africa,11.28,-15.83,77.0,78,5.82,0
2381334,Atar,MR,Africa,20.52,-13.05,72.55,44,3.83,0
2386042,Kabo,CF,Africa,7.69,18.62,76.24,82,8.75,8
2388036,Bossangoa,CF,Africa,6.5,17.45,74.71,88,9.19,48
2389804,Baoro,CF,Africa,5.69,15.95,71.2,97,6.4,88
2396518,Port-Gentil,GA,Africa,-0.72,8.78,77.0,88,6.93,40
2396853,Omboue,GA,Africa,-1.57,9.26,77.5,100,6.06,68
2400547,Gamba,GA,Africa,-2.72,10.02,76.06,100,1.14,92
2404067,Sawkta,SL,Africa,8.63,-13.2,80.02,100,7.07,80
2409914,Bonthe,SL,Africa,7.53,-12.5,78.49,94,3.83,68
2411397,Georgetown,SH,Africa,-7.93,-14.42,79.3,100,11.99,80
2413419,Gunjur,GM,Africa,13.18,-16.76,71.6,88,3.36,75
2415703,Siguiri,GN,Africa,11.42,-9.17,70.75,95,6.73,68
2417886,Kerouane,GN,Africa,12.23,-12.34,68.95,95,2.26,48
2425791,Sarh,TD,Africa,9.14,18.39,80.6,74,9.17,0
2439376,Tahoua,NE,Africa,14.89,5.26,86.0,48,9.17,0
2446796,Bilma,NE,Africa,18.69,12.92,82.0,20,3.94,12
2447513,Arlit,NE,Africa,18.74,7.39,83.08,24,6.17,48
2448085,Agadez,NE,Africa,16.97,7.99,86.0,28,4.7,0
2449067,Timbuktu,ML,Africa,16.77,-3.01,85.69,43,16.24,0
2449893,Tessalit,ML,Africa,20.2,1.01,88.66,17,12.66,68
2450173,Taoudenni,ML,Africa,22.68,-3.98,81.37,28,10.65,12
2452655,Niono,ML,Africa,14.25,-5.99,81.82,61,8.41,36
2453348,Mopti,ML,Africa,14.49,-4.19,84.2,58,4.7,0
2460954,Araouane,ML,Africa,18.9,-3.53,88.48,19,4.72,68
2487130,Sidi Ali,DZ,Africa,36.1,0.42,55.45,88,2.59,0
2504703,Tigzirt,DZ,Africa,36.57,4.2,57.25,92,2.59,48
2510485,Tias,ES,Europe,28.96,-13.65,66.2,72,13.87,75
2512186,Puerto del Rosario,ES,Europe,28.5,-13.86,66.2,77,14.99,75
2513947,Melilla,ES,Europe,35.29,-2.94,61.84,82,12.75,40
2514651,Los Llanos de Aridane,ES,Europe,28.66,-17.92,66.2,72,10.29,75
2518820,Don Benito,ES,Europe,38.95,-5.86,51.76,94,7.96,88
2520493,Calvia,ES,Europe,39.57,2.51,68.0,88,5.82,40
2521665,Arcos de la Frontera,ES,Europe,36.75,-5.81,57.2,82,3.36,0
2522091,Alcudia,ES,Europe,39.85,3.12,66.2,88,2.24,20
2522325,Aguimes,ES,Europe,27.91,-15.45,66.2,82,17.22,75
2522437,Adeje,ES,Europe,28.12,-16.73,63.1,77,13.87,75
2524181,Melito di Porto Salvo,IT,Europe,37.92,15.77,75.15,50,3.36,0
2524815,Erice,IT,Europe,38.04,12.59,71.6,73,6.93,0
2524881,Crotone,IT,Europe,39.09,17.12,77.0,69,1.12,0
2527089,Tiznit,MA,Africa,29.7,-9.73,57.88,97,2.71,0
2553604,Casablanca,MA,Africa,33.6,-7.62,62.6,88,10.29,75
2561668,Agadir,MA,Africa,30.42,-9.58,59.0,82,2.24,0
2562247,Marsaxlokk,MT,Europe,35.84,14.54,73.4,83,6.93,0
2610343,Vestmanna,FO,Europe,62.16,-7.17,46.4,81,12.75,64
2610806,Vagur,FO,Europe,61.47,-6.81,47.62,100,12.44,68
2612689,Stege,DK,Europe,54.99,12.28,64.4,77,12.75,0
2618795,Klaksvik,FO,Europe,62.23,-6.59,48.2,76,10.29,56
2629833,Husavik,IS,Europe,66.04,-17.34,48.2,87,4.7,0
2630299,Hofn,IS,Europe,64.25,-15.21,47.53,96,3.38,56
2635199,Ullapool,GB,Europe,57.9,-5.16,49.87,100,8.41,36
2640351,Peterhead,GB,Europe,57.51,-1.8,50.0,93,12.75,90
2640377,Penzance,GB,Europe,50.12,-5.53,60.06,77,6.93,0
2644605,Lerwick,GB,Europe,60.15,-1.15,50.0,76,11.41,75
2647311,Haverfordwest,GB,Europe,51.8,-4.97,59.0,87,5.82,0
2653945,Ramsgate,GB,Europe,50.2,-5.31,60.44,77,6.93,0
2654728,Bridlington,GB,Europe,54.08,-0.19,55.4,93,6.93,92
2654970,Brae,GB,Europe,60.4,-1.35,50.0,76,11.41,75
2655288,Boddam,GB,Europe,57.47,-1.78,50.0,93,12.75,90
2662689,Visby,SE,Europe,57.64,18.3,64.4,77,9.17,0
2685750,Ostersund,SE,Europe,63.18,14.64,42.8,70,25.28,75
2702261,Kalmar,SE,Europe,56.66,16.36,73.4,60,13.87,0
2704613,Hudiksvall,SE,Europe,61.73,17.1,56.17,73,19.26,0
2707684,Harnosand,SE,Europe,62.63,17.94,53.6,88,19.46,0
2715459,Falun,SE,Europe,60.61,15.63,59.0,44,13.87,0
2725123,Arvika,SE,Europe,59.65,12.59,64.4,45,16.11,0
2729907,Longyearbyen,SJ,Europe,78.22,15.64,37.4,64,6.93,75
2757220,Den Helder,NL,Europe,52.96,4.76,57.15,93,5.82,90
2765286,Seeboden,AT,Europe,46.82,13.52,62.37,68,2.24,20
2765602,Schrems,AT,Europe,48.79,15.07,64.0,84,3.83,0
2799328,Doische,BE,Europe,50.14,4.75,62.6,88,8.05,75
2801858,Blankenberge,BE,Europe,51.31,3.13,56.35,87,11.41,75
2822100,Tirschenreuth,DE,Europe,49.88,12.34,67.3,68,3.36,1
2833475,Sehnde,DE,Europe,52.31,9.96,64.35,77,3.36,0
2875484,Luckenwalde,DE,Europe,52.09,13.16,69.21,73,2.24,20
2960970,Westport,IE,Europe,53.8,-9.52,55.4,100,3.36,40
2963295,Killybegs,IE,Europe,54.63,-8.45,58.33,87,2.26,8
2964401,Enniskerry,IE,Europe,53.19,-6.17,54.61,100,3.36,75
2964782,Dingle,IE,Europe,52.14,-10.27,57.25,95,7.63,8
2966778,Ballina,IE,Europe,54.11,-9.15,55.4,100,3.36,40
2970148,Vence,FR,Europe,43.72,7.11,63.48,88,5.82,75
2975967,Sarrebourg,FR,Europe,48.73,7.05,67.98,68,11.41,75
2983990,Rennes,FR,Europe,48.11,-1.68,60.6,93,4.7,56
2984050,Remiremont,FR,Europe,48.02,6.59,64.4,88,4.7,76
2986626,Plouzane,FR,Europe,48.38,-4.62,59.36,100,5.82,90
2988888,Oyonnax,FR,Europe,46.26,5.66,60.8,93,2.24,90
3024035,Concarneau,FR,Europe,47.88,-3.92,60.17,93,5.82,90
3026141,Chatellerault,FR,Europe,46.8,0.53,62.6,100,8.05,80
3074149,Jindrichuv Hradec,CZ,Europe,49.14,15.0,64.18,91,4.16,0
3080414,Zdunska Wola,PL,Europe,51.6,18.94,60.8,100,6.93,90
3090076,Opalenica,PL,Europe,52.31,16.42,71.6,64,6.93,0
3091788,Milicz,PL,Europe,51.53,17.27,68.0,77,6.93,20
3095797,Kolo,PL,Europe,52.2,18.64,68.95,72,5.84,0
3104132,Aleksandrow Lodzki,PL,Europe,51.82,19.3,60.8,100,6.93,90
3104707,Villaviciosa,ES,Europe,43.48,-5.43,57.2,93,4.7,75
3115824,Muros,ES,Europe,42.77,-9.06,51.8,100,5.82,90
3126369,Carballo,ES,Europe,43.21,-8.69,53.55,87,6.93,40
3129135,Aviles,ES,Europe,43.55,-5.92,57.2,93,4.7,75
3129877,Aranda de Duero,ES,Europe,41.67,-3.69,47.89,99,6.51,64
3133895,Tromso,NO,Europe,69.65,18.96,39.2,86,16.11,75
3138532,Skotterud,NO,Europe,59.98,12.12,64.18,41,8.63,0
3139597,Sistranda,NO,Europe,63.73,8.83,48.2,76,14.99,75
3141667,Roald,NO,Europe,62.58,6.12,50.68,81,14.99,75
3146160,Melbu,NO,Europe,68.5,14.83,39.83,80,6.93,75
3146487,Raudeberg,NO,Europe,61.99,5.14,54.19,58,17.22,20
3146684,Leland,NO,Europe,58.19,7.29,73.4,43,4.7,0
3147822,Gravdal,NO,Europe,59.79,5.78,55.4,82,11.41,40
3150261,Kirkenaer,NO,Europe,60.46,12.06,60.49,38,9.31,0
3160881,Bodo,NO,Europe,67.28,14.4,42.8,75,14.99,75
3163146,Andenes,NO,Europe,69.31,16.12,39.2,86,20.8,75
3166509,Siniscola,IT,Europe,40.57,9.69,69.8,77,10.29,40
3170094,Portoferraio,IT,Europe,42.81,10.31,64.4,93,14.99,90
3175384,Ivrea,IT,Europe,45.47,7.87,66.87,72,4.7,75
3177120,Feltre,IT,Europe,46.02,11.91,64.29,78,5.82,0
3183284,Alghero,IT,Europe,40.56,8.32,68.0,77,5.82,20
3194041,Orasac,BA,Europe,44.63,16.07,65.35,77,2.37,0
3204303,Beltinci,SI,Europe,46.6,16.24,68.0,82,1.12,0
3346821,Ondjiva,AO,Africa,-17.07,15.73,53.2,56,7.18,0
3347019,Namibe,AO,Africa,-15.19,12.15,72.64,98,3.94,0
3351024,Caluquembe,AO,Africa,-13.78,14.68,50.77,62,6.17,0
3353383,Rundu,NA,Africa,-17.91,19.77,58.06,45,10.42,0
3354077,Opuwo,NA,Africa,-18.06,13.84,47.98,64,4.94,0
3354147,Ongwediva,NA,Africa,-17.78,15.77,52.75,52,7.18,0
3354540,Omaruru,NA,Africa,-21.42,15.95,49.51,64,6.62,0
3355672,Luderitz,NA,Africa,-26.65,15.16,52.48,78,8.41,0
3356213,Khorixas,NA,Africa,-20.37,14.96,51.4,65,2.93,0
3356832,Henties Bay,NA,Africa,-22.12,14.28,55.9,100,3.15,48
3357114,Grootfontein,NA,Africa,-19.56,18.1,46.81,68,4.72,0
3357804,Eenhana,NA,Africa,-17.48,16.34,52.57,55,7.85,0
3361142,Springbok,ZA,Africa,-29.67,17.88,37.45,88,7.4,0
3361934,Saldanha,ZA,Africa,-33.01,17.94,44.6,100,4.72,0
3366880,Hermanus,ZA,Africa,-34.42,19.24,31.42,94,3.38,0
3369157,Cape Town,ZA,Africa,-33.93,18.42,37.4,86,4.7,0
3370903,Jamestown,SH,Africa,-15.94,-5.72,70.75,100,9.98,88
3372472,Vila Franca do Campo,PT,Europe,37.72,-25.43,66.2,100,19.46,90
3372707,Ribeira Grande,PT,Europe,38.52,-28.7,66.2,100,5.82,75
3372745,Rabo de Peixe,PT,Europe,37.8,-25.58,66.2,100,19.46,90
3372760,Praia da Vitoria,PT,Europe,38.73,-27.07,66.2,88,9.19,20
3372783,Ponta Delgada,PT,Europe,37.73,-25.67,66.2,100,19.46,90
3373329,Arrifes,PT,Europe,37.77,-25.7,66.2,100,19.46,90
3373652,Oistins,BB,North America,13.07,-59.53,78.8,74,19.46,20
3374083,Bathsheba,BB,North America,13.22,-59.52,78.8,74,19.46,20
3374210,Sao Filipe,CV,Africa,14.9,-24.5,70.84,100,11.88,0
3374333,Praia,CV,Africa,14.92,-23.51,69.8,77,13.87,20
3374336,Porto Novo,CV,Africa,17.02,-25.06,69.8,73,14.99,20
3374346,Ponta do Sol,CV,Africa,17.2,-25.09,70.21,100,13.44,0
3374462,Mindelo,CV,Africa,16.89,-24.98,69.85,100,9.75,0
3377301,Mabaruma,GY,South America,8.2,-59.78,77.86,95,5.06,92
3378644,Georgetown,GY,South America,6.8,-58.16,75.2,100,2.24,40
3380290,Sinnamary,GF,South America,5.38,-52.96,78.4,100,5.61,92
3381538,Grand-Santi,GF,South America,4.27,-54.38,71.38,100,2.26,92
3382160,Cayenne,GF,South America,4.94,-52.33,77.0,100,4.27,100
3383570,Marienburg,SR,South America,5.88,-55.04,77.0,94,2.24,40
3386177,Trairi,BR,South America,-3.28,-39.27,78.58,100,16.58,80
3386213,Touros,BR,South America,-5.2,-35.46,78.04,91,13.89,76
3386467,Terra Santa,BR,South America,-2.1,-56.49,77.5,82,4.38,12
3387620,Simplicio Mendes,BR,South America,-7.85,-41.91,79.12,60,13.33,0
3387625,Simoes,BR,South America,-7.6,-40.82,74.17,73,14.23,0
3388341,Passo de Camaragibe,BR,South America,-9.24,-35.49,73.4,94,1.12,75
3389822,Salinopolis,BR,South America,-0.61,-47.36,81.37,100,11.21,8
3391287,Prainha,BR,South America,-1.8,-53.48,76.06,93,3.83,64
3391889,Pitimbu,BR,South America,-7.47,-34.81,73.4,94,5.82,75
3393692,Itarema,BR,South America,-2.92,-39.92,76.96,96,8.63,80
3393922,Nisia Floresta,BR,South America,-6.09,-35.21,75.2,94,5.82,40
3394023,Natal,BR,South America,-5.81,-35.21,75.2,94,5.82,40
3394605,Monte Alegre,BR,South America,-2.0,-54.07,74.98,90,3.83,24
3395042,Mazagao,BR,South America,-0.12,-51.29,78.8,100,2.24,20
3395458,Maragogi,BR,South America,-9.01,-35.22,75.43,98,8.41,92
3395503,Maraba,BR,South America,-5.35,-49.1,75.2,100,6.62,0
3395981,Maceio,BR,South America,-9.67,-35.74,73.4,94,1.12,75
3397893,Sao Sebastiao,BR,South America,-3.15,-58.36,75.34,99,2.59,20
3397967,Itaituba,BR,South America,-4.26,-55.99,78.58,80,3.38,48
3398931,Gilbues,BR,South America,-9.83,-45.34,74.17,60,4.72,88
3400989,Dois Riachos,BR,South America,-9.38,-37.1,70.84,97,6.62,68
3401148,Cururupu,BR,South America,-1.82,-44.87,75.52,96,3.6,32
3402648,Carutapera,BR,South America,-1.2,-46.02,77.32,94,5.95,8
3403687,Camocim,BR,South America,-2.9,-40.84,76.24,93,7.4,24
3404558,Cabedelo,BR,South America,-6.97,-34.84,73.4,94,5.82,75
3406196,Barreirinhas,BR,South America,-2.75,-42.83,78.76,86,8.63,36
3407407,Aquiraz,BR,South America,-3.9,-38.39,77.0,94,11.41,40
3412093,Vestmannaeyjar,IS,Europe,63.44,-20.27,44.6,100,5.82,90
3416888,Grindavik,IS,Europe,63.84,-22.43,44.6,87,4.7,90
3418910,Upernavik,GL,North America,72.79,-56.15,28.0,99,14.45,8
3419842,Sisimiut,GL,North America,66.94,-53.67,25.12,93,2.15,80
3420768,Qasigiannguit,GL,North America,68.82,-51.19,33.8,69,16.11,12
3420846,Qaqortoq,GL,North America,60.72,-46.03,60.8,44,19.46,88
3421193,Paamiut,GL,North America,61.99,-49.67,38.26,91,3.71,92
3421319,Nuuk,GL,North America,64.17,-51.74,37.4,93,3.36,92
3421719,Narsaq,GL,North America,60.91,-46.05,60.8,44,19.46,100
3421765,Nanortalik,GL,North America,60.14,-45.24,37.0,87,27.87,48
3421982,Maniitsoq,GL,North America,65.42,-52.9,34.21,92,4.27,92
3423146,Ilulissat,GL,North America,69.22,-51.1,33.8,69,16.11,12
3424607,Tasiilaq,GL,North America,65.61,-37.64,35.6,80,6.93,88
3424934,Saint-Pierre,PM,North America,46.77,-56.17,37.9,100,27.98,56
3428067,San Vicente,AR,South America,-35.02,-58.42,48.9,81,3.36,0
3428576,San Pedro,AR,South America,-33.68,-59.66,46.45,100,7.4,88
3430443,Necochea,AR,South America,-38.55,-58.74,42.94,97,2.82,44
3430709,Mercedes,AR,South America,-29.18,-58.08,47.62,95,6.17,100
3437136,San Alberto,PY,South America,-24.98,-54.91,55.4,76,3.36,90
3437982,Independencia,PY,South America,-25.72,-56.25,53.74,63,2.37,92
3441894,Maldonado,UY,South America,-34.91,-54.96,50.0,87,5.82,75
3443061,Chuy,UY,South America,-33.69,-53.46,52.03,90,9.98,0
3445630,Vacaria,BR,South America,-28.51,-50.94,37.72,85,5.17,24
3447672,Serro,BR,South America,-18.6,-43.38,57.52,94,3.49,92
3448454,Belmonte,BR,South America,-26.84,-53.58,51.04,84,3.83,92
3448552,Sao Luiz Gonzaga,BR,South America,-28.41,-54.96,46.18,93,10.2,8
3448639,Sao Jose do Rio Preto,BR,South America,-20.82,-49.38,64.4,77,6.93,0
3448903,Sao Joao da Barra,BR,South America,-21.64,-41.05,71.92,100,21.27,76
3449053,Sao Gotardo,BR,South America,-19.31,-46.05,59.05,87,8.19,20
3450144,Santa Luzia,BR,South America,-19.77,-43.85,60.8,87,4.5,0
3450554,Salvador,BR,South America,-12.98,-38.48,80.6,78,8.05,40
3451126,Bonfim,BR,South America,-20.33,-44.24,60.8,87,10.98,0
3451138,Rio Grande,BR,South America,-32.03,-52.1,56.35,94,7.85,0
3451152,Rio do Sul,BR,South America,-27.22,-49.64,44.2,85,1.03,64
3452525,Pouso Alegre,BR,South America,-22.23,-45.93,48.16,90,2.82,48
3452640,Porto Seguro,BR,South America,-16.44,-39.06,73.4,94,4.7,40
3453014,Porangatu,BR,South America,-13.44,-49.14,70.57,75,8.52,48
3453060,Pontes e Lacerda,BR,South America,-15.23,-59.33,57.25,89,3.83,92
3453315,Pocone,BR,South America,-16.26,-56.62,60.58,83,7.74,32
3455168,Paracatu,BR,South America,-17.22,-46.87,58.42,76,3.94,0
3456160,Olinda,BR,South America,-22.82,-43.41,66.2,88,4.7,90
3456368,Navirai,BR,South America,-23.07,-54.19,58.15,85,6.62,100
3457113,Miranda,BR,South America,-20.24,-56.38,58.51,85,5.17,32
3457147,Mineiros,BR,South America,-17.57,-52.55,64.9,89,9.19,12
3457454,Matipo,BR,South America,-20.28,-42.34,58.6,96,4.38,56
3458329,Luziania,BR,South America,-16.25,-47.95,53.6,87,5.61,0
3458333,Luz,BR,South America,-19.79,-45.68,66.34,75,9.86,24
3459352,Ladario,BR,South America,-19.0,-57.6,55.09,100,4.94,92
3459922,Jeremoabo,BR,South America,-10.08,-38.34,71.02,91,8.41,0
3461370,Imbituba,BR,South America,-28.24,-48.67,55.4,87,10.42,0
3461425,Ilhabela,BR,South America,-23.78,-45.36,67.42,100,5.61,88
3461525,Ibotirama,BR,South America,-12.18,-43.22,72.64,81,7.18,20
3461888,Guarapari,BR,South America,-20.67,-40.5,71.6,83,12.75,75
3464374,Duque de Caxias,BR,South America,-22.79,-43.31,66.2,88,4.7,90
3464724,Diamantino,BR,South America,-14.4,-56.44,61.57,89,7.63,92
3465713,Conde,BR,South America,-11.81,-37.61,74.8,100,6.85,92
3465881,Colorado,BR,South America,-22.84,-51.97,64.54,91,4.16,92
3466165,Cidreira,BR,South America,-30.17,-50.22,53.38,100,4.38,76
3466980,Caravelas,BR,South America,-17.73,-39.27,75.79,100,9.86,64
3467550,Candelaria,BR,South America,-29.67,-52.79,49.15,94,6.4,0
3468100,Caldas Novas,BR,South America,-17.75,-48.62,58.6,83,2.71,0
3469437,Bom Jesus da Lapa,BR,South America,-13.25,-43.41,68.95,90,3.38,68
3471451,Arraial do Cabo,BR,South America,-22.97,-42.02,69.58,100,13.44,92
3471949,Aparecida,BR,South America,-22.85,-45.23,58.24,99,2.71,92
3480780,Horqueta,PY,South America,-23.34,-57.05,55.54,77,2.93,92
3483063,Xicotencatl,MX,North America,23.02,-98.88,75.7,79,2.59,0
3489440,Morant Bay,JM,North America,17.88,-76.41,82.4,78,9.17,20
3489523,May Pen,JM,North America,17.97,-77.26,82.4,78,9.17,20
3491161,Bull Savanna,JM,North America,17.89,-77.59,74.53,88,5.17,80
3492985,Barahona,DO,North America,18.21,-71.1,80.02,100,10.65,36
3496021,Nagua,DO,North America,19.37,-69.85,75.07,100,6.29,0
3508952,Dajabon,DO,North America,19.55,-71.71,78.58,98,2.71,0
3515401,Chilchotla,MX,North America,19.25,-97.18,44.74,88,0.25,0
3515690,Progreso,MX,North America,20.25,-99.19,50.23,91,2.15,0
3517970,Pochutla,MX,North America,15.74,-96.47,84.34,100,20.27,32
3518453,San Marcos,MX,North America,20.03,-99.34,51.85,75,3.71,0
3520989,Puerto Madero,MX,North America,14.72,-92.42,77.0,94,3.6,40
3520994,Puerto Escondido,MX,North America,15.86,-97.07,86.77,94,17.36,12
3527065,Hopelchen,MX,North America,19.77,-89.85,73.4,94,3.38,40
3529654,Dzilam Gonzalez,MX,North America,21.28,-88.93,75.43,88,4.16,48
3532499,Tecoanapa,MX,North America,16.99,-99.26,77.0,94,6.93,75
3532510,Ayotzintepec,MX,North America,17.67,-96.13,62.92,98,1.7,92
3533462,Acapulco,MX,North America,16.86,-99.88,77.0,94,6.93,75
3545841,Nuevitas,CU,North America,21.55,-77.27,73.4,100,2.24,75
3547930,Mantua,CU,North America,22.29,-84.28,74.17,92,2.15,36
3557923,Marti,CU,North America,21.15,-77.45,73.4,100,2.24,75
3567995,Bahia Honda,CU,North America,22.9,-83.16,75.25,92,3.27,44
3571913,Marsh Harbour,BS,North America,26.54,-77.06,79.84,99,11.21,0
3572627,Cockburn Town,BS,North America,24.03,-74.52,80.92,94,7.18,20
3572640,Clarence Town,BS,North America,23.1,-74.98,81.37,97,7.96,24
3572906,Andros Town,BS,North America,24.73,-77.79,77.0,94,3.36,75
3573061,Saint George,BM,North America,32.38,-64.68,77.0,88,11.41,75
3573197,Hamilton,BM,North America,32.3,-64.78,77.0,88,11.41,75
3573374,The Valley,AI,North America,18.22,-63.06,80.6,74,9.17,40
3575479,Charlestown,KN,North America,17.13,-62.62,78.8,78,11.41,64
3577154,Oranjestad,AW,North America,12.52,-70.03,80.6,83,20.8,40
3577933,Chateaubelair,VC,North America,13.28,-61.25,80.6,74,17.22,20
3578441,Saint-Francois,GP,North America,16.25,-61.27,77.0,83,3.36,76
3580279,Gouyave,GD,North America,12.16,-61.73,78.8,78,11.41,20
3580733,Bodden Town,KY,North America,19.28,-81.25,82.45,97,8.97,56
3581194,Melchor de Mencos,GT,North America,17.06,-89.15,72.1,96,1.7,80
3584266,Nueva Concepcion,SV,North America,14.13,-89.3,71.6,100,5.82,0
3598787,Champerico,GT,North America,14.3,-91.92,75.7,100,2.59,76
3608828,Iralaya,HN,North America,15.0,-83.23,79.57,97,8.41,100
3620680,Bluefields,NI,North America,12.01,-83.77,75.97,100,3.04,92
3621607,Santa Cruz,CR,North America,10.26,-85.58,79.93,84,5.39,56
3622537,Parrita,CR,North America,9.52,-84.33,73.4,78,13.87,40
3625346,Villa Bruzual,VE,South America,9.33,-69.12,70.57,95,2.48,0
3629710,Puerto Ayacucho,VE,South America,5.66,-67.62,72.01,100,2.82,92
3633009,Maracaibo,VE,South America,10.63,-71.64,80.47,85,10.31,0
3648698,Bachaquero,VE,South America,9.96,-71.12,80.6,88,2.82,40
3652567,San Cristobal,EC,South America,-1.02,-79.44,61.66,100,2.15,80
3652758,Puerto Baquerizo Moreno,EC,South America,-0.9,-89.6,73.45,97,13.44,68
3652764,Puerto Ayora,EC,South America,-0.74,-90.35,73.27,98,11.32,88
3654410,Manta,EC,South America,-0.95,-80.73,73.54,100,11.43,68
3655673,Salinas,EC,South America,0.49,-78.13,46.27,100,2.15,36
3657661,Gualaquiza,EC,South America,-3.4,-78.58,60.49,99,1.03,88
3660401,Bahia de Caraquez,EC,South America,-0.6,-80.42,74.98,95,7.29,76
3661980,Tamandare,BR,South America,-8.28,-70.75,66.61,83,6.85,56
3662252,Sao Paulo de Olivenca,BR,South America,-3.38,-68.87,73.27,98,2.93,56
3662762,Porto Velho,BR,South America,-8.75,-63.87,66.2,77,11.41,75
3662927,Pauini,BR,South America,-7.71,-67.0,70.3,78,10.98,12
3663475,Maraa,BR,South America,-1.83,-65.37,73.27,100,1.81,92
3663503,Manicore,BR,South America,-5.81,-61.3,74.8,87,3.04,44
3664659,Carauari,BR,South America,-4.88,-66.9,74.71,93,6.17,92
3664956,Boca do Acre,BR,South America,-8.76,-67.39,66.43,77,4.94,92
3665202,Aripuana,BR,South America,-9.17,-60.63,80.2,57,5.28,68
3665210,Rodrigues Alves,BR,South America,-7.74,-72.65,66.2,88,3.36,90
3665566,Zaragoza,CO,South America,7.49,-74.87,69.31,98,0.92,92
3671387,Puerto Narino,CO,South America,-3.77,-70.38,71.6,94,6.93,75
3672077,El Playon,CO,South America,3.24,-75.63,57.52,100,2.26,44
3674676,Mitu,CO,South America,1.2,-70.17,70.12,100,3.94,92
3685571,Cubara,CO,South America,7.0,-72.11,67.96,100,2.15,80
3691348,Tingo Maria,PE,South America,-9.29,-76.01,60.85,100,1.92,92
3692073,Santiago de Cao,PE,South America,-7.96,-79.24,64.4,93,5.82,90
3692747,Salaverry,PE,South America,-8.22,-78.98,64.4,93,5.82,90
3694112,Paita,PE,South America,-5.09,-81.11,65.98,93,5.17,36
3696096,Jepelacio,PE,South America,-6.11,-76.92,67.24,100,2.37,92
3699095,Cajabamba,PE,South America,-7.62,-78.05,46.45,96,1.7,76
3699831,Aguas Verdes,PE,South America,-8.96,-75.42,65.62,97,2.93,80
3700393,Tubuala,PA,North America,9.52,-79.03,77.77,100,2.48,88
3702269,Bisira,PA,North America,8.52,-81.71,71.2,98,1.81,88
3707058,La Palma,PA,North America,8.4,-78.14,74.08,100,2.48,76
3708432,Jaque,PA,North America,7.52,-78.17,74.26,99,2.04,80
3722579,Lascahobas,HT,North America,18.83,-71.94,66.79,100,2.82,12
3792394,Mapiripan,CO,South America,2.89,-72.13,71.2,99,2.82,12
3831208,Qaanaaq,GL,North America,77.48,-69.36,19.54,80,2.26,0
3832694,Villa Maria,AR,South America,-32.41,-63.24,31.78,78,2.93,0
3832899,Viedma,AR,South America,-40.81,-62.99,32.05,79,2.71,64
3833367,Ushuaia,AR,South America,-54.81,-68.31,14.05,100,2.93,8
3835869,Santiago del Estero,AR,South America,-27.8,-64.26,33.76,82,2.93,0
3836669,San Rafael,AR,South America,-34.61,-68.33,28.99,97,3.83,36
3838859,Rio Gallegos,AR,South America,-51.62,-69.22,23.0,92,4.7,0
3839307,Rawson,AR,South America,-43.3,-65.11,24.85,83,6.06,20
3839479,Rafaela,AR,South America,-31.25,-61.49,35.56,87,2.93,32
3840300,Presidencia Roque Saenz Pena,AR,South America,-26.79,-60.44,37.9,81,4.94,36
3846915,Libertador General San Martin,AR,South America,-23.81,-64.79,37.4,93,2.24,0
3848209,San Martin,AR,South America,-24.71,-64.13,35.56,87,2.48,88
3855065,General Roca,AR,South America,-39.03,-67.58,44.6,70,5.82,40
3860443,Comodoro Rivadavia,AR,South America,-45.87,-67.48,41.0,60,5.82,0
3863379,Mar del Plata,AR,South America,-46.43,-67.52,31.06,100,9.64,0
3867291,Filadelfia,PY,South America,-22.35,-60.04,52.3,73,4.94,88
3868308,Vicuna,CL,South America,-30.03,-70.71,44.6,70,8.05,0
3868326,Victoria,CL,South America,-38.23,-72.33,30.43,90,3.38,20
3869657,Tome,CL,South America,-36.62,-72.95,39.2,93,5.82,0
3870243,Taltal,CL,South America,-25.41,-70.49,44.11,88,2.59,0
3870282,Talcahuano,CL,South America,-36.72,-73.12,39.2,93,5.82,0
3872594,Salamanca,CL,South America,-31.78,-70.97,24.04,45,3.38,44
3874787,Punta Arenas,CL,South America,-53.16,-70.91,24.8,100,9.17,0
3877348,Panguipulli,CL,South America,-39.64,-72.33,32.0,78,2.59,90
3879200,Mulchen,CL,South America,-37.72,-72.23,21.7,67,2.37,0
3879429,Monte Patria,CL,South America,-30.69,-70.96,24.13,67,1.92,0
3880107,Melipilla,CL,South America,-33.69,-71.21,39.27,86,1.12,0
3883457,Lebu,CL,South America,-37.62,-73.65,49.42,100,8.3,20
3887127,Iquique,CL,South America,-20.22,-70.14,62.6,72,9.17,0
3892454,Diego de Almagro,CL,South America,-26.39,-70.05,45.01,81,1.48,0
3893629,Coquimbo,CL,South America,-29.95,-71.34,44.6,70,8.05,0
3894426,Coihaique,CL,South America,-45.58,-72.07,28.92,92,5.82,0
3896218,Castro,CL,South America,-42.48,-73.76,28.0,98,2.59,44
3899695,Ancud,CL,South America,-41.87,-73.83,28.18,73,1.92,32
3904890,Santa Rosa,BO,South America,-20.7,-64.83,41.05,74,1.7,92
3920244,Chulumani,BO,South America,-16.41,-67.53,32.0,94,4.7,90
3923644,Urubicha,BO,South America,-15.63,-63.08,52.57,77,3.71,36
3924679,Vilhena,BR,South America,-12.74,-60.15,61.57,76,4.72,12
3932145,Pisco,PE,South America,-13.71,-76.2,62.6,88,3.36,76
3933104,Pangoa,PE,South America,-12.12,-73.0,60.4,100,1.14,92
3934055,Chilca,PE,South America,-13.22,-72.34,44.6,87,2.24,75
3935624,Macusani,PE,South America,-14.07,-70.43,40.42,94,1.81,32
3936456,Lima,PE,South America,-12.06,-77.04,59.59,72,2.37,92
3938415,Ilo,PE,South America,-17.65,-71.34,57.88,94,2.71,92
3939168,Huarmey,PE,South America,-10.07,-78.15,58.42,91,2.15,48
3939761,Hualmay,PE,South America,-11.1,-77.61,61.03,95,1.25,88
3943626,Chivay,PE,South America,-15.64,-71.6,25.12,92,2.15,80
3980149,Villamar,MX,North America,20.02,-102.6,66.97,74,0.92,36
3981391,Tomatlan,MX,North America,19.93,-105.25,74.26,96,0.69,24
3981460,Coahuayana,MX,North America,18.62,-100.35,66.16,89,1.92,88
3984571,Santa catarina de Tepehuanes,MX,North America,25.34,-105.72,58.42,46,2.93,0
3985168,San Patricio,MX,North America,19.22,-104.7,74.26,100,2.26,0
3985710,Cabo San Lucas,MX,North America,22.89,-109.91,74.08,100,6.4,0
3991622,Benito Juarez,MX,North America,28.64,-111.57,70.3,83,7.07,12
3994912,Nochistlan,MX,North America,21.37,-102.85,66.61,35,10.76,0
3996322,Mazatlan,MX,North America,23.22,-106.42,78.8,88,2.59,75
3996426,Matamoros,MX,North America,25.53,-103.23,80.02,25,15.79,0
4000900,La Paz,MX,North America,24.15,-110.32,70.03,73,6.51,0
4004293,Ixtapa,MX,North America,20.71,-105.21,84.2,79,2.24,75
4005370,Guadalupe y Calvo,MX,North America,26.09,-106.96,64.54,58,1.25,92
4011743,Constitucion,MX,North America,23.99,-104.67,64.36,29,6.96,0
4020109,Atuona,PF,Oceania,-9.8,-139.03,80.2,100,16.8,76
4021858,Guerrero Negro,MX,North America,27.97,-114.04,57.61,100,7.85,64
4022970,Victoria,MX,North America,21.21,-100.22,60.8,67,9.17,40
4030556,Rikitea,PF,Oceania,-23.12,-134.97,72.01,100,8.41,80
4031574,Provideniya,RU,Europe,64.42,-173.23,39.2,86,6.71,90
4031637,Lavrentiya,RU,Europe,65.58,-170.99,33.04,95,5.17,92
4031742,Egvekinot,RU,Europe,66.32,-179.17,35.29,96,2.26,92
4032243,Vaini,TO,Oceania,-21.2,-175.2,77.0,94,9.17,75
4032369,Pangai,TO,Oceania,-19.8,-174.35,78.8,94,5.82,40
4032420,Neiafu,TO,Oceania,-18.65,-173.98,78.8,94,3.36,75
4033077,Vaitape,PF,Oceania,-16.52,-151.75,80.2,100,16.8,76
4033356,Tiarei,PF,Oceania,-17.53,-149.33,77.0,83,4.7,40
4033543,Teahupoo,PF,Oceania,-17.83,-149.27,77.0,83,4.7,40
4033557,Tautira,PF,Oceania,-17.73,-149.15,77.0,83,4.7,40
4034307,Mahina,PF,Oceania,-17.51,-149.49,77.0,83,4.7,40
4034551,Faanui,PF,Oceania,-16.48,-151.75,80.02,100,18.03,80
4035249,Lufilufi,WS,Oceania,-13.87,-171.6,84.43,98,14.56,92
4035715,Avarua,CK,Oceania,-21.21,-159.78,75.2,69,11.41,40
4036284,Alofi,NU,Oceania,-19.06,-169.92,75.2,88,4.7,76
4099647,Arkadelphia,US,North America,34.12,-93.05,62.55,88,0.92,1
4145381,Wilmington,US,North America,39.75,-75.55,52.27,100,11.41,90
4151316,Clearwater,US,North America,27.97,-82.8,80.83,94,13.87,75
4160021,Jacksonville,US,North America,30.33,-81.66,78.8,100,6.93,1
4180386,Athens,US,North America,33.96,-83.39,72.48,94,3.36,1
4252975,Barrow,US,North America,39.51,-90.4,60.58,67,5.82,1
4267710,Sitka,US,North America,37.17,-99.65,74.08,31,13.0,56
4267733,Atchison,US,North America,39.56,-95.12,62.67,77,2.82,1
4272340,Great Bend,US,North America,38.36,-98.78,66.33,72,4.7,1
4272782,Hays,US,North America,38.88,-99.33,66.81,59,5.82,1
4333811,Morgan City,US,North America,29.7,-91.21,80.69,94,2.71,1
4334720,Natchitoches,US,North America,31.76,-93.09,74.1,100,6.4,1
4406895,Saint George,US,North America,38.54,-90.31,63.12,63,6.93,1
4407665,Kodiak,US,North America,39.95,-94.76,59.0,87,3.36,1
4437982,Natchez,US,North America,31.56,-91.4,75.2,83,3.36,1
4465088,Elizabeth City,US,North America,36.3,-76.22,64.06,88,9.17,90
4481682,New Bern,US,North America,35.11,-77.04,69.8,100,8.05,90
4533580,Claremore,US,North America,36.31,-95.62,60.73,82,3.71,1
4535961,Enid,US,North America,36.4,-97.88,64.36,77,6.93,1
4588165,Mount Pleasant,US,North America,32.79,-79.86,77.41,83,4.7,1
4614748,Collierville,US,North America,35.04,-89.66,64.81,64,4.7,1
4670234,Alice,US,North America,27.75,-98.07,77.9,94,4.7,40
4717232,Palestine,US,North America,31.76,-95.63,75.2,88,6.4,1
4726440,San Juan,US,North America,26.19,-98.16,80.6,88,11.41,1
4732862,Nome,US,North America,30.04,-94.42,73.83,83,6.85,1
4738721,Uvalde,US,North America,29.21,-99.79,81.63,69,10.29,1
4792494,Waverly,US,North America,37.04,-77.1,60.39,87,5.82,90
4835461,Groton,US,North America,41.35,-72.08,50.0,93,11.41,90
4881346,West Des Moines,US,North America,41.56,-93.76,57.94,81,3.38,1
4885164,Bloomington,US,North America,40.47,-88.99,60.48,72,10.2,1
4893171,Freeport,US,North America,42.3,-89.62,55.4,82,4.7,1
4944903,Nantucket,US,North America,41.28,-70.1,49.66,93,11.41,90
5012495,Traverse City,US,North America,44.76,-85.62,53.62,93,4.7,90
5024237,Callaway,US,North America,46.98,-95.91,52.83,87,2.93,1
5043473,Rochester,US,North America,44.02,-92.46,53.37,71,5.82,40
5056172,Maryville,US,North America,40.35,-94.87,57.7,77,2.93,1
5088597,Lebanon,US,North America,43.64,-72.25,50.31,62,5.61,90
5110292,Brookhaven,US,North America,40.78,-72.92,51.49,100,4.7,90
5122331,Irondequoit,US,North America,43.21,-77.58,57.04,87,8.05,90
5161902,Marion,US,North America,40.59,-83.13,62.38,72,8.05,1
5205788,Warrington,US,North America,40.25,-75.13,52.11,100,8.97,90
5221703,Cumberland,US,North America,41.97,-71.43,48.6,93,6.85,90
5223593,Newport,US,North America,41.49,-71.31,48.69,87,6.93,90
5226534,Brookings,US,North America,44.31,-96.8,59.11,67,2.37,1
5232592,Vermillion,US,North America,42.78,-96.93,56.77,72,4.7,1
5232741,Watertown,US,North America,44.9,-97.12,59.81,71,4.7,1
5244638,Baraboo,US,North America,43.47,-89.74,51.42,93,14.45,1
5295143,Fortuna Foothills,US,North America,32.66,-114.41,87.8,15,3.36,1
5312476,Safford,US,North America,32.83,-109.71,80.6,5,10.29,1
5314245,Show Low,US,North America,34.25,-110.03,65.64,8,10.29,1
5314328,Sierra Vista,US,North America,31.55,-110.3,73.71,6,10.29,1
5354943,Half Moon Bay,US,North America,37.46,-122.43,61.45,87,12.21,20
5359864,Isla Vista,US,North America,34.41,-119.86,55.38,87,8.52,1
5367788,Lompoc,US,North America,34.64,-120.46,54.01,100,3.36,90
5379439,Ontario,US,North America,34.07,-117.65,64.08,49,4.7,1
5380437,Pacific Grove,US,North America,36.62,-121.92,56.28,76,3.71,1
5384339,Port Hueneme,US,North America,34.15,-119.2,58.78,93,10.29,90
5404476,Ukiah,US,North America,39.15,-123.21,68.0,40,3.6,1
5411479,Alamosa,US,North America,37.47,-105.87,41.05,93,26.4,40
5418104,Cortez,US,North America,37.35,-108.58,51.8,74,4.16,1
5427796,Lake City,US,North America,38.03,-107.32,43.47,69,6.93,1
5427957,Lamar,US,North America,38.09,-102.62,60.8,63,9.17,1
5445298,Dodge City,US,North America,37.75,-100.02,68.72,46,14.99,75
5446780,Coronado,US,North America,38.49,-101.3,64.4,59,6.93,90
5520677,Eagle Pass,US,North America,28.71,-100.5,84.25,41,9.64,0
5522004,Garden City,US,North America,31.86,-101.48,66.81,88,19.46,90
5530921,Snyder,US,North America,32.72,-100.92,78.8,31,5.82,75
5536630,Cedar City,US,North America,37.68,-113.06,71.6,13,8.05,1
5554072,Juneau,US,North America,58.3,-134.42,50.74,71,5.82,75
5563397,Eureka,US,North America,40.8,-124.16,51.04,93,8.05,75
5563839,Fortuna,US,North America,40.6,-124.16,51.15,93,8.05,75
5571109,Shasta Lake,US,North America,40.68,-122.36,77.07,37,9.17,1
5611730,Weiser,US,North America,44.25,-116.97,66.2,59,5.82,1
5639364,Belgrade,US,North America,45.77,-111.18,57.25,87,5.82,1
5640350,Billings,US,North America,45.79,-108.5,68.0,45,3.36,1
5654391,Glendive,US,North America,47.11,-104.71,57.61,93,5.82,1
5656882,Helena,US,North America,46.59,-112.04,62.6,55,8.05,1
5671996,Polson,US,North America,47.69,-114.16,55.18,72,1.92,80
5681948,Fallon,US,North America,46.84,-105.12,60.8,72,4.7,1
5688789,Dickinson,US,North America,46.88,-102.79,55.4,76,8.05,1
5697939,North Platte,US,North America,41.12,-100.77,55.4,87,9.17,1
5703670,Elko,US,North America,40.83,-115.76,57.2,58,5.82,1
5710360,Winnemucca,US,North America,40.97,-117.74,75.2,23,11.41,1
5712169,Baker City,US,North America,44.77,-117.83,59.0,62,3.36,1
5720495,Coos Bay,US,North America,43.37,-124.22,50.77,87,5.84,1
5742974,North Bend,US,North America,43.41,-124.22,51.64,81,4.7,1
5767918,Pierre,US,North America,44.37,-100.35,60.8,63,10.29,1
5768244,Rapid Valley,US,North America,44.06,-103.15,56.64,63,3.36,1
5785657,Anacortes,US,North America,48.5,-122.62,51.62,81,6.93,90
5803990,Moses Lake,US,North America,47.13,-119.28,64.4,32,10.29,1
5814916,Walla Walla,US,North America,46.06,-118.33,63.39,45,9.17,75
5826027,Gillette,US,North America,44.29,-105.5,55.4,87,8.05,1
5847411,Kahului,US,North America,20.89,-156.47,73.15,94,19.46,40
5847486,Kailua,US,North America,21.39,-157.74,77.68,83,11.41,75
5848280,Kapaa,US,North America,22.08,-159.32,76.35,94,17.22,75
5849297,Kihei,US,North America,20.76,-156.45,73.2,94,19.46,40
5850554,Makakilo City,US,North America,21.35,-158.09,77.76,83,11.41,75
5851349,Nanakuli,US,North America,21.39,-158.15,77.79,83,11.41,75
5855927,Hilo,US,North America,19.71,-155.08,73.4,94,18.7,90
5859699,College,US,North America,64.86,-147.8,66.78,32,4.7,1
5861897,Fairbanks,US,North America,64.84,-147.72,66.78,32,4.7,1
5864145,Homer,US,North America,59.64,-151.54,47.03,66,11.41,1
5866063,Kenai,US,North America,60.55,-151.26,49.15,87,11.41,1
5871146,Palmer,US,North America,61.6,-149.11,53.87,47,2.15,1
5880568,Bethel,US,North America,60.79,-161.76,50.0,71,8.05,90
5881688,Fort Saint James,CA,North America,54.43,-124.25,42.58,100,8.75,92
5882953,Aklavik,CA,North America,68.22,-135.01,60.8,48,10.29,75
5884588,Amos,CA,North America,48.57,-78.12,53.6,100,3.36,90
5887916,Athabasca,CA,North America,54.72,-113.29,60.04,41,14.67,92
5889745,Baie-Comeau,CA,North America,49.22,-68.15,43.39,56,21.92,1
5905393,Bonavista,CA,North America,48.65,-53.11,34.48,96,35.14,92
5905616,Bonnyville,CA,North America,54.27,-110.74,55.4,66,13.87,75
5911745,Burns Lake,CA,North America,54.23,-125.76,40.06,88,7.18,88
5919850,Chapais,CA,North America,49.78,-74.86,53.65,39,13.56,80
5924351,Clyde River,CA,North America,70.47,-68.59,28.4,92,4.7,90
5954718,Flin Flon,CA,North America,54.77,-101.88,42.31,83,7.52,0
5955826,Fort Frances,CA,North America,48.61,-93.4,48.2,93,6.93,1
5955902,Fort Nelson,CA,North America,58.81,-122.69,50.0,100,3.36,90
5959271,Gambo,CA,North America,48.78,-54.21,28.4,100,28.86,90
5961417,Gimli,CA,North America,50.63,-96.99,51.67,86,3.15,0
5969025,Haines Junction,CA,North America,60.75,-137.51,41.68,67,1.92,44
5972291,Havre-Saint-Pierre,CA,North America,50.23,-63.6,33.8,64,5.82,20
5972762,Hay River,CA,North America,60.82,-115.79,48.2,61,9.17,20
5983720,Iqaluit,CA,North America,63.75,-68.52,24.8,79,13.87,90
5991284,Kerrobert,CA,North America,51.92,-109.14,59.0,47,17.22,20
6050066,La Ronge,CA,North America,55.1,-105.3,44.6,75,9.17,5
6050416,La Tuque,CA,North America,47.44,-72.79,53.02,45,9.31,92
6053446,Lewisporte,CA,North America,49.25,-55.06,28.4,100,28.86,90
6057856,Liverpool,CA,North America,44.04,-64.71,46.09,93,10.54,0
6063429,Macklin,CA,North America,52.34,-109.94,63.1,37,15.68,32
6067472,Marystown,CA,North America,47.17,-55.16,34.12,97,27.87,92
6067747,Matagami,CA,North America,49.76,-77.63,58.78,42,7.63,36
6078372,Moose Factory,CA,North America,51.26,-80.61,57.2,50,8.05,90
6088469,Nipawin,CA,North America,53.36,-104.02,44.6,87,5.82,1
6089245,Norman Wells,CA,North America,65.28,-126.83,53.6,54,5.82,75
6091197,Norwood,CA,North America,44.38,-77.98,59.0,93,2.24,90
6096551,Pangnirtung,CA,North America,66.15,-65.72,24.76,100,4.16,76
6100832,Pembroke,CA,North America,45.82,-77.11,57.2,93,9.17,90
6111632,Port Alberni,CA,North America,49.24,-124.81,50.0,93,5.82,40
6111696,Port-Cartier,CA,North America,50.03,-66.88,33.8,69,8.05,20
6111862,Port Hardy,CA,North America,50.7,-127.42,46.4,93,4.7,75
6113335,Prince Albert,CA,North America,53.2,-105.75,48.2,81,8.05,5
6113406,Prince Rupert,CA,North America,54.32,-130.32,48.2,87,2.24,90
6122085,Richmond,CA,North America,49.16,-123.14,51.46,81,6.93,20
6138501,Saint-Augustin,CA,North America,45.63,-73.98,53.01,87,19.46,90
6138802,Saint-Michel-des-Saints,CA,North America,46.68,-73.92,56.17,55,8.41,92
6144195,Senneterre,CA,North America,48.39,-77.24,53.6,93,6.93,90
6145890,Shelburne,CA,North America,44.08,-80.2,60.26,100,2.24,90
6148373,Sioux Lookout,CA,North America,50.1,-91.92,45.7,93,4.7,40
6149374,Slave Lake,CA,North America,55.28,-114.77,57.2,67,12.75,90
6150293,Smoky Lake,CA,North America,54.11,-112.47,59.05,42,15.68,92
6153766,Spirit River,CA,North America,55.78,-118.84,50.0,93,10.29,90
6157355,Stonewall,CA,North America,50.13,-97.33,50.0,87,8.05,5
6160362,Swan River,CA,North America,52.11,-101.27,45.55,88,4.16,0
6162951,Terrace Bay,CA,North America,48.78,-87.1,43.48,84,11.99,48
6164499,The Pas,CA,North America,53.82,-101.24,44.6,81,4.7,1
6165406,Thompson,CA,North America,55.74,-97.86,33.8,97,5.82,90
6166739,Timmins,CA,North America,48.48,-81.33,55.4,100,4.7,90
6167254,Tofield,CA,North America,53.37,-112.67,61.79,51,12.75,75
6167817,Torbay,CA,North America,47.66,-52.73,30.2,92,21.92,90
6170031,Tuktoyaktuk,CA,North America,69.44,-133.03,57.2,80,9.17,0
6173361,Vanderhoof,CA,North America,54.02,-124.02,40.15,100,8.63,92
6174457,Virden,CA,North America,49.85,-100.93,50.32,81,2.15,8
6180285,Whitecourt,CA,North America,54.14,-115.68,62.38,47,11.32,92
6180550,Whitehorse,CA,North America,60.72,-135.06,53.6,46,2.24,75
6185377,Yellowknife,CA,North America,62.45,-114.38,48.2,66,9.17,40
6205099,Waverley,NZ,Oceania,-46.39,168.38,27.55,98,3.15,32
6255012,Flinders,AU,Oceania,-34.58,150.85,57.2,76,10.29,75
6320062,Vila Velha,BR,South America,-3.71,-38.6,77.0,94,5.82,40
6354895,Rimouski,CA,North America,48.45,-68.52,42.8,70,17.22,5
6355222,Yulara,AU,Oceania,-25.24,130.99,69.8,11,6.93,0
6533368,Moranbah,AU,Oceania,-22.0,148.04,72.55,31,6.73,0
6552857,Wiefelstede,DE,Europe,53.26,8.12,59.54,93,9.17,75
6556127,Lenggries,DE,Europe,47.68,11.58,64.36,72,5.82,0
6620339,Karratha,AU,Oceania,-20.74,116.85,84.07,15,20.49,0
6690296,Saint-Joseph,RE,Africa,-21.37,55.62,77.67,57,19.46,20
6690297,Saint-Leu,RE,Africa,-21.15,55.28,77.74,57,19.46,20
6779095,Nara,ML,Africa,15.17,-7.29,82.18,51,6.4,24
6942880,Xixiang,CN,Asia,22.58,113.87,85.89,66,24.16,40
7626370,Bud,NO,Europe,62.91,6.91,48.74,66,16.11,75
7671223,Kloulklubed,PW,Oceania,7.04,134.26,86.0,79,11.41,90
