,cityID,date,time,city,country,continent,latitude,longitude,temperature,humidity,windSpeed,cloudiness
0,2110227,2018-06-16,05:46,Butaritari,KI,Oceania,3.07,172.79,83.91,100,5.95,8
1,3366880,2018-06-16,05:46,Hermanus,ZA,Africa,-34.42,19.24,51.42,95,4.16,76
2,5062292,2018-06-16,05:46,Valley City,US,North America,46.92,-98.0,68.52,64,10.29,90
3,2448085,2018-06-16,05:46,Agadez,NE,Africa,16.97,7.99,87.8,38,11.41,24
4,777019,2018-06-16,05:46,Vardo,NO,Europe,70.37,31.11,52.14,76,14.56,0
5,3374346,2018-06-16,05:46,Ponta do Sol,CV,Africa,17.2,-25.09,70.23,100,13.56,64
6,1213855,2018-06-16,05:46,Sibolga,ID,Asia,1.74,98.78,82.02,72,2.93,64
7,2092164,2018-06-16,05:46,Lorengau,PG,Oceania,-2.02,147.27,83.91,100,7.74,80
8,1006984,2018-06-16,05:46,East London,ZA,Africa,-33.02,27.91,64.56,100,33.13,0
9,1806218,2018-06-16,05:46,Jiangyan,CN,Asia,32.51,120.12,83.19,53,12.1,92
10,2206939,2018-06-16,05:46,Bluff,NZ,Oceania,-46.6,168.33,49.89,98,4.61,8
11,4407665,2018-06-16,05:46,Kodiak,US,North America,39.95,-94.76,80.6,69,10.29,1
12,1260771,2018-06-16,05:46,Palasa,IN,Asia,18.77,84.42,88.41,81,17.58,0
13,2027296,2018-06-16,05:46,Aykhal,RU,Europe,65.95,111.51,71.58,46,9.64,68
14,3691954,2018-06-16,05:46,Sechura,PE,South America,-5.56,-80.82,64.92,91,10.09,12
15,933649,2018-06-16,05:46,Khakhea,BW,Africa,-24.69,23.5,36.75,75,3.04,0
16,780687,2018-06-16,05:46,Berlevag,NO,Europe,70.86,29.09,51.33,89,5.5,0
17,3938531,2018-06-16,05:46,Iberia,PE,South America,-11.41,-69.49,65.19,72,5.17,44
18,925498,2018-06-16,05:46,Mzimba,MW,Africa,-11.9,33.6,59.43,75,3.94,0
19,964432,2018-06-16,05:46,Port Alfred,ZA,Africa,-33.59,26.89,62.76,71,24.63,32
20,3874787,2018-06-16,05:46,Punta Arenas,CL,South America,-53.16,-70.91,39.2,93,9.17,90
21,3464364,2018-06-16,05:46,Ecoporanga,BR,South America,-18.37,-40.83,65.19,90,3.49,56
22,1490256,2018-06-16,05:46,Talnakh,RU,Europe,69.49,88.39,67.53,61,7.07,0
23,3833367,2018-06-16,05:46,Ushuaia,AR,South America,-54.81,-68.31,41.88,100,17.13,92
24,1516589,2018-06-16,05:46,Zhezkazgan,KZ,Asia,47.8,67.71,86.0,13,15.66,0
25,6185377,2018-06-16,05:46,Yellowknife,CA,North America,62.45,-114.38,53.6,81,5.82,20
26,546105,2018-06-16,05:46,Nikolskoye,RU,Europe,59.7,30.79,68.0,56,4.47,0
27,3369157,2018-06-16,05:46,Cape Town,ZA,Africa,-33.93,18.42,50.0,100,10.29,20
28,5954718,2018-06-16,05:46,Flin Flon,CA,North America,54.77,-101.88,57.45,81,10.09,48
29,119161,2018-06-16,05:46,Qorveh,IR,Asia,35.17,47.8,75.27,34,5.61,0
30,4030556,2018-06-16,05:46,Rikitea,PF,Oceania,-23.12,-134.97,74.82,100,24.85,12
31,6460307,2018-06-16,05:46,Kojnare,BG,Europe,43.35,24.13,64.02,100,0.47,80
32,3652764,2018-06-16,05:46,Puerto Ayora,EC,South America,-0.74,-90.35,71.22,100,11.99,8
33,934649,2018-06-16,05:46,Cap Malheureux,MU,Africa,-19.98,57.61,75.2,73,14.99,40
34,2065594,2018-06-16,05:46,Mount Isa,AU,Oceania,-20.73,139.49,69.8,26,14.99,0
35,933995,2018-06-16,05:46,Souillac,MU,Africa,-20.52,57.52,75.2,73,14.99,40
36,3146487,2018-06-16,05:46,Raudeberg,NO,Europe,61.99,5.14,50.02,93,9.17,92
37,5329649,2018-06-16,05:46,Blythe,US,North America,33.61,-114.59,84.2,48,13.87,1
38,2126199,2018-06-16,05:46,Cherskiy,RU,Europe,68.75,161.3,61.77,33,4.16,24
39,934322,2018-06-16,05:46,Mahebourg,MU,Africa,-20.41,57.7,75.2,73,14.99,40
40,1648636,2018-06-16,05:46,Bitung,ID,Asia,1.44,125.19,95.0,50,6.93,20
41,3054543,2018-06-16,05:46,Cegled,HU,Europe,47.17,19.8,65.61,77,6.93,75
42,3416888,2018-06-16,05:46,Grindavik,IS,Europe,63.84,-22.43,43.86,87,10.29,75
43,3471451,2018-06-16,05:46,Arraial do Cabo,BR,South America,-22.97,-42.02,68.34,100,3.38,92
44,86049,2018-06-16,05:46,Jalu,LY,Africa,29.03,21.55,78.42,54,13.22,100
45,1726449,2018-06-16,05:46,Basco,PH,Asia,20.45,121.97,82.47,100,22.06,80
46,2411397,2018-06-16,05:46,Georgetown,SH,Africa,-7.93,-14.42,77.43,100,16.8,32
47,2122090,2018-06-16,05:46,Pevek,RU,Europe,69.7,170.27,48.99,59,13.78,0
48,3840092,2018-06-16,05:46,Puerto Madryn,AR,South America,-42.77,-65.04,44.49,100,13.22,0
49,3114567,2018-06-16,05:46,Palafrugell,ES,Europe,41.92,3.16,62.6,93,2.24,20
50,2077963,2018-06-16,05:46,Albany,AU,Oceania,-35.02,117.88,67.71,58,8.41,8
51,4031574,2018-06-16,05:46,Provideniya,RU,Europe,64.42,-173.23,36.39,100,18.25,0
52,2136825,2018-06-16,05:46,Isangel,VU,Oceania,-19.55,169.27,74.82,100,14.56,0
53,2282006,2018-06-16,05:46,San-Pedro,CI,Africa,4.75,-6.64,75.99,100,5.73,92
54,2020871,2018-06-16,05:46,Lebedinyy,RU,Europe,58.52,125.52,66.54,51,3.49,12
55,1538648,2018-06-16,05:47,Toktogul,KG,Asia,41.87,72.95,52.23,90,2.37,20
56,3392998,2018-06-16,05:47,Monte Alegre,BR,South America,-6.07,-35.33,75.2,83,8.05,75
57,544084,2018-06-16,05:47,Koslan,RU,Europe,63.46,48.9,54.3,64,4.5,0
58,3909011,2018-06-16,05:47,San Rafael,BO,South America,-12.93,-64.87,58.71,74,14.12,12
59,336350,2018-06-16,05:47,Goba,ET,Africa,7.01,39.97,60.33,98,1.92,8
60,6170031,2018-06-16,05:47,Tuktoyaktuk,CA,North America,69.44,-133.03,35.6,80,10.29,75
61,2075265,2018-06-16,05:47,Busselton,AU,Oceania,-33.64,115.35,65.46,98,16.02,0
62,1795857,2018-06-16,05:47,Shaowu,CN,Asia,27.34,117.49,84.54,53,1.92,20
63,3377301,2018-06-16,05:47,Mabaruma,GY,South America,8.2,-59.78,77.97,93,5.17,92
64,708313,2018-06-16,05:47,Zatoka,UA,Europe,49.85,23.68,64.4,77,8.95,0
65,978895,2018-06-16,05:47,Margate,ZA,Africa,-30.86,30.37,62.4,75,21.83,0
66,5855927,2018-06-16,05:47,Hilo,US,North America,19.71,-155.08,75.2,83,8.05,90
67,4328010,2018-06-16,05:47,Houma,US,North America,29.6,-90.72,78.39,88,3.36,1
68,1639094,2018-06-16,05:47,Kuningan,ID,Asia,-6.98,108.49,87.69,52,3.38,12
69,4032243,2018-06-16,05:47,Vaini,TO,Oceania,-21.2,-175.2,73.4,69,5.82,20
70,486413,2018-06-16,05:47,Suksun,RU,Europe,57.15,57.4,48.27,82,12.77,92
71,5671996,2018-06-16,05:47,Polson,US,North America,47.69,-114.16,50.07,53,1.92,36
72,4252975,2018-06-16,05:47,Barrow,US,North America,39.51,-90.4,78.1,69,9.17,1
73,964420,2018-06-16,05:47,Port Elizabeth,ZA,Africa,-33.92,25.57,55.4,76,16.11,40
74,2071860,2018-06-16,05:47,Esperance,AU,Oceania,-33.86,121.89,66.27,62,5.5,0
75,528075,2018-06-16,05:47,Rassvet,RU,Europe,49.11,45.47,76.71,35,21.5,0
76,4020109,2018-06-16,05:47,Atuona,PF,Oceania,-9.8,-139.03,80.94,100,18.48,0
77,667306,2018-06-16,05:47,Sfantu Gheorghe,RO,Europe,44.65,26.83,72.5,73,3.36,40
78,2139521,2018-06-16,05:47,Noumea,NC,Oceania,-22.28,166.46,77.0,69,8.05,0
79,287832,2018-06-16,05:47,Ibra,OM,Asia,22.69,58.55,102.18,21,2.93,8
80,3424901,2018-06-16,05:47,Aasiaat,GL,North America,68.71,-52.87,35.76,100,2.15,0
81,2654970,2018-06-16,05:47,Brae,GB,Europe,60.4,-1.35,51.8,81,6.93,48
82,877384,2018-06-16,05:47,Tingi,TZ,Africa,-11.3,35.03,72.21,100,4.94,0
83,3370903,2018-06-16,05:47,Jamestown,SH,Africa,-15.94,-5.72,69.24,100,11.1,88
84,5848280,2018-06-16,05:47,Kapaa,US,North America,22.08,-159.32,78.06,83,9.17,40
85,5859699,2018-06-16,05:47,College,US,North America,64.86,-147.8,59.04,62,6.93,90
86,5882953,2018-06-16,05:47,Aklavik,CA,North America,68.22,-135.01,44.6,65,10.29,75
87,162158,2018-06-16,05:47,Baherden,TM,Asia,38.44,57.43,84.81,32,9.42,0
88,3896218,2018-06-16,05:47,Castro,CL,South America,-42.48,-73.76,52.77,97,6.96,92
89,3467747,2018-06-16,05:47,Parati,BR,South America,-20.51,-54.63,51.8,76,12.75,0
90,2064550,2018-06-16,05:47,Northam,AU,Oceania,-31.65,116.67,69.8,37,13.87,0
91,3985168,2018-06-16,05:47,San Patricio,MX,North America,19.22,-104.7,72.84,99,4.94,0
92,3372472,2018-06-16,05:47,Vila Franca do Campo,PT,Europe,37.72,-25.43,66.2,88,5.82,20
93,2126710,2018-06-16,05:47,Beringovskiy,RU,Europe,63.05,179.32,45.84,94,5.73,12
94,464179,2018-06-16,05:47,Zavetnoye,RU,Europe,47.12,43.89,85.26,28,11.99,12
95,2163355,2018-06-16,05:47,Hobart,AU,Oceania,-42.88,147.33,50.0,76,12.75,75
96,921786,2018-06-16,05:47,Mitsamiouli,KM,Africa,-11.38,43.28,78.8,69,4.7,20
97,4273299,2018-06-16,05:47,Hutchinson,US,North America,38.06,-97.93,81.77,58,19.46,1
98,3893629,2018-06-16,05:47,Coquimbo,CL,South America,-29.95,-71.34,50.0,87,4.7,0
99,4817641,2018-06-16,05:47,Parkersburg,US,North America,39.27,-81.55,64.4,88,3.49,1
100,5847411,2018-06-16,05:47,Kahului,US,North America,20.89,-156.47,75.78,65,13.87,20
101,2074865,2018-06-16,05:47,Carnarvon,AU,Oceania,-24.87,113.63,74.91,64,4.61,0
102,3831208,2018-06-16,05:47,Qaanaaq,GL,North America,77.48,-69.36,32.16,95,3.94,64
103,2181625,2018-06-16,05:47,Te Anau,NZ,Oceania,-45.41,167.72,36.39,90,2.37,0
104,3380290,2018-06-16,05:47,Sinnamary,GF,South America,5.38,-52.96,79.5,100,9.08,92
105,2527089,2018-06-16,05:47,Tiznit,MA,Africa,29.7,-9.73,62.67,95,5.06,88
106,4732862,2018-06-16,05:47,Nome,US,North America,30.04,-94.42,79.27,88,7.07,1
107,2094342,2018-06-16,05:47,Kavieng,PG,Oceania,-2.57,150.8,82.74,100,7.74,32
108,527979,2018-06-16,05:47,Medvedok,RU,Europe,57.39,50.04,56.46,71,10.54,0
109,1282256,2018-06-16,05:47,Hithadhoo,MV,Asia,-0.6,73.08,84.18,100,10.42,44
110,3374336,2018-06-16,05:47,Porto Novo,CV,Africa,17.02,-25.06,69.8,73,17.22,40
111,290030,2018-06-16,05:47,Doha,QA,Asia,25.29,51.53,98.6,32,16.11,0
112,3378644,2018-06-16,05:47,Georgetown,GY,South America,6.8,-58.16,75.2,94,4.7,40
113,152042,2018-06-16,05:47,Naberera,TZ,Africa,-4.2,36.93,62.58,90,6.06,56
114,988698,2018-06-16,05:47,Knysna,ZA,Africa,-34.04,23.05,51.8,81,10.29,20
115,3372760,2018-06-16,05:47,Praia da Vitoria,PT,Europe,38.73,-27.07,66.2,100,5.06,20
116,608270,2018-06-16,05:47,Shubarshi,KZ,Asia,48.59,57.19,80.94,36,11.43,0
117,1849876,2018-06-16,05:47,Yamada,JP,Asia,36.58,137.08,67.44,53,3.36,75
118,3899539,2018-06-16,05:47,Antofagasta,CL,South America,-23.65,-70.4,53.6,87,4.7,90
119,3386213,2018-06-16,05:47,Touros,BR,South America,-5.2,-35.46,77.07,84,10.98,80
120,3571913,2018-06-16,05:47,Marsh Harbour,BS,North America,26.54,-77.06,81.39,100,7.52,0
121,2017155,2018-06-16,05:47,Saskylakh,RU,Europe,71.97,114.09,63.21,68,11.54,0
122,4035249,2018-06-16,05:47,Lufilufi,WS,Oceania,-13.87,-171.6,80.6,83,10.29,40
123,2058430,2018-06-16,05:47,Whyalla,AU,Oceania,-33.04,137.58,60.8,36,19.46,75
124,6050066,2018-06-16,05:47,La Ronge,CA,North America,55.1,-105.3,55.4,66,6.93,40
125,554599,2018-06-16,05:47,Kachkanar,RU,Europe,58.7,59.48,47.91,78,3.49,8
126,5563839,2018-06-16,05:47,Fortuna,US,North America,40.6,-124.16,53.6,81,10.29,90
127,2964782,2018-06-16,05:47,Dingle,IE,Europe,52.14,-10.27,54.66,100,23.29,92
128,1488774,2018-06-16,05:47,Tyukhtet,RU,Europe,56.54,89.31,67.62,88,4.16,32
129,3451138,2018-06-16,05:47,Rio Grande,BR,South America,-32.03,-52.1,42.69,100,11.99,0
130,2629833,2018-06-16,05:47,Husavik,IS,Europe,66.04,-17.34,37.4,86,2.24,75
131,2018214,2018-06-16,05:47,Ovsyanka,RU,Europe,53.58,126.91,56.37,100,6.62,100
132,2618795,2018-06-16,05:47,Klaksvik,FO,Europe,62.23,-6.59,48.2,93,8.05,68
133,5887916,2018-06-16,05:47,Athabasca,CA,North America,54.72,-113.29,52.05,87,5.61,20
134,2417833,2018-06-16,05:47,Mamou,GN,Africa,10.37,-12.08,67.35,98,2.15,92
135,5880568,2018-06-16,05:47,Bethel,US,North America,60.79,-161.76,62.6,51,14.99,75
136,5935341,2018-06-16,05:47,Dauphin,CA,North America,51.15,-100.04,62.6,67,5.82,75
137,1622318,2018-06-16,05:47,Waingapu,ID,Asia,-9.65,120.26,85.8,53,13.56,0
138,2075720,2018-06-16,05:47,Broome,AU,Oceania,-17.97,122.23,89.6,33,12.75,75
139,3361934,2018-06-16,05:47,Saldanha,ZA,Africa,-33.01,17.94,50.0,93,4.7,76
140,1629380,2018-06-16,05:47,Ruteng,ID,Asia,-8.61,120.46,82.29,69,5.06,0
141,3424607,2018-06-16,05:47,Tasiilaq,GL,North America,65.61,-37.64,33.8,86,3.36,0
142,2022572,2018-06-16,05:47,Khatanga,RU,Europe,71.98,102.47,75.72,86,13.67,8
143,2128975,2018-06-16,05:47,Nemuro,JP,Asia,43.32,145.57,48.2,70,8.05,75
144,3382160,2018-06-16,05:47,Cayenne,GF,South America,4.94,-52.33,75.2,100,5.39,75
145,1865309,2018-06-16,05:47,Katsuura,JP,Asia,33.93,134.5,73.4,60,6.93,20
146,3448903,2018-06-16,05:47,Sao Joao da Barra,BR,South America,-21.64,-41.05,72.93,100,7.63,80
147,6167817,2018-06-16,05:47,Torbay,CA,North America,47.66,-52.73,39.2,100,5.82,90
148,2176187,2018-06-16,05:47,Bendigo,AU,Oceania,-36.76,144.28,48.54,85,14.23,68
149,5972291,2018-06-16,05:47,Havre-Saint-Pierre,CA,North America,50.23,-63.6,53.6,50,9.17,20
150,793956,2018-06-16,05:47,Puurmani,EE,Europe,58.57,26.29,64.4,63,1.12,32
151,2067089,2018-06-16,05:47,Maningrida,AU,Oceania,-12.05,134.23,82.56,64,21.83,76
152,3443061,2018-06-16,05:47,Chuy,UY,South America,-33.69,-53.46,43.23,100,13.44,24
153,2137773,2018-06-16,05:47,Vao,NC,Oceania,-22.67,167.48,73.74,100,7.07,68
154,2619537,2018-06-16,05:47,Hvide Sande,DK,Europe,56.01,8.13,55.4,82,5.82,92
155,6620339,2018-06-16,05:47,Karratha,AU,Oceania,-20.74,116.85,85.08,19,15.23,0
156,6173801,2018-06-16,05:47,Vermilion,CA,North America,53.35,-110.85,57.2,71,11.41,90
157,321031,2018-06-16,05:47,Bismil,TR,Asia,37.85,40.66,72.48,53,3.36,0
158,2070998,2018-06-16,05:47,Geraldton,AU,Oceania,-28.77,114.6,71.6,33,14.99,0
159,2270385,2018-06-16,05:47,Camacha,PT,Europe,33.08,-16.33,68.56,82,16.11,40
160,4011743,2018-06-16,05:47,Constitucion,MX,North America,23.99,-104.67,62.04,69,8.52,0
161,2400547,2018-06-16,05:47,Gamba,GA,Africa,-2.72,10.02,74.73,100,5.95,64
162,1082243,2018-06-16,05:47,Ambilobe,MG,Africa,-13.19,49.05,80.85,52,10.98,0
163,2015306,2018-06-16,05:47,Tiksi,RU,Europe,71.64,128.87,35.04,89,10.76,80
164,364933,2018-06-16,05:47,Umm Kaddadah,SD,Africa,13.6,26.69,84.0,43,10.42,0
165,1242110,2018-06-16,05:47,Kalmunai,LK,Asia,7.42,81.82,87.24,97,2.71,8
166,5367788,2018-06-16,05:47,Lompoc,US,North America,34.64,-120.46,55.47,81,3.94,1
167,3883457,2018-06-16,05:47,Lebu,CL,South America,-37.62,-73.65,52.59,99,2.04,80
168,2180815,2018-06-16,05:47,Tuatapere,NZ,Oceania,-46.13,167.69,45.48,100,5.73,8
169,1168700,2018-06-16,05:47,Ormara,PK,Asia,25.21,64.64,87.33,81,10.98,0
170,241131,2018-06-16,05:47,Victoria,SC,Africa,-4.62,55.45,82.4,78,14.99,40
171,2240449,2018-06-16,05:47,Luanda,AO,Africa,-8.83,13.24,71.13,98,4.38,88
172,3127047,2018-06-16,05:47,Calatayud,ES,Europe,41.35,-1.64,63.5,88,2.24,0
173,6138501,2018-06-16,05:47,Saint-Augustin,CA,North America,45.63,-73.98,62.01,67,3.36,5
174,1795632,2018-06-16,05:47,Shenjiamen,CN,Asia,29.96,122.3,73.83,93,16.13,48
175,1106677,2018-06-16,05:47,Bambous Virieux,MU,Africa,-20.34,57.76,75.2,73,14.99,40
176,4035715,2018-06-16,05:47,Avarua,CK,Oceania,-21.21,-159.78,73.4,94,2.24,75
177,5861897,2018-06-16,05:47,Fairbanks,US,North America,64.84,-147.72,59.04,62,6.93,90
178,456827,2018-06-16,05:47,Pavilosta,LV,Europe,56.89,21.19,58.06,100,5.06,90
179,2028164,2018-06-16,05:47,Deputatskiy,RU,Europe,69.3,139.9,46.11,96,5.17,92
180,1621395,2018-06-16,05:47,Wonosobo,ID,Asia,-7.36,109.9,82.83,58,1.59,68
181,1337610,2018-06-16,05:47,Thinadhoo,MV,Asia,0.53,72.93,84.81,100,9.75,0
182,4267710,2018-06-16,05:47,Sitka,US,North America,37.17,-99.65,86.07,37,21.27,32
183,3867291,2018-06-16,05:47,Filadelfia,PY,South America,-22.35,-60.04,45.03,73,7.74,32
184,5850554,2018-06-16,05:47,Makakilo City,US,North America,21.35,-158.09,79.7,61,4.7,75
185,2729907,2018-06-16,05:47,Longyearbyen,SJ,Europe,78.22,15.64,42.8,70,23.04,75
186,2381334,2018-06-16,05:47,Atar,MR,Africa,20.52,-13.05,74.37,23,3.38,20
187,2012530,2018-06-16,05:47,Zhigansk,RU,Europe,66.77,123.37,66.81,29,10.98,0
188,2665452,2018-06-16,05:47,Vallentuna,SE,Europe,59.53,18.08,59.56,58,9.17,0
189,3421719,2018-06-16,05:47,Narsaq,GL,North America,60.91,-46.05,50.0,29,14.99,76
190,1267390,2018-06-16,05:47,Kavaratti,IN,Asia,10.57,72.64,80.67,100,17.81,68
191,3374083,2018-06-16,05:47,Bathsheba,BB,North America,13.22,-59.52,78.8,78,20.8,20
192,986717,2018-06-16,05:47,Kruisfontein,ZA,Africa,-34.0,24.73,60.69,84,27.09,32
193,2510392,2018-06-16,05:47,Tomelloso,ES,Europe,39.16,-3.02,60.96,78,4.5,0
194,3863379,2018-06-16,05:47,Mar del Plata,AR,South America,-46.43,-67.52,52.05,72,20.27,32
195,359792,2018-06-16,05:47,Aswan,EG,Africa,24.09,32.9,91.65,24,4.16,0
196,2450173,2018-06-16,05:47,Taoudenni,ML,Africa,22.68,-3.98,77.07,30,9.53,0
197,3441684,2018-06-16,05:47,Mercedes,UY,South America,-33.25,-58.03,33.87,94,2.93,0
198,3985710,2018-06-16,05:47,Cabo San Lucas,MX,North America,22.89,-109.91,77.0,57,5.82,40
199,2155415,2018-06-16,05:47,New Norfolk,AU,Oceania,-42.78,147.06,50.0,76,12.75,75
200,6355222,2018-06-16,05:47,Yulara,AU,Oceania,-25.24,130.99,68.0,32,11.41,0
201,6171332,2018-06-16,05:47,Two Hills,CA,North America,53.71,-111.75,57.36,66,7.52,24
202,543899,2018-06-16,05:47,Kostomuksha,RU,Europe,64.59,30.6,64.56,38,5.39,0
203,1015776,2018-06-16,05:47,Bredasdorp,ZA,Africa,-34.53,20.04,53.6,81,8.05,92
204,2396518,2018-06-16,05:47,Port-Gentil,GA,Africa,-0.72,8.78,77.0,83,6.93,75
205,3879429,2018-06-16,05:47,Monte Patria,CL,South America,-30.69,-70.96,40.71,79,4.72,80
206,3996234,2018-06-16,05:47,Lazaro Cardenas,MX,North America,28.39,-105.62,74.55,62,6.51,92
207,2630299,2018-06-16,05:47,Hofn,IS,Europe,64.25,-15.21,42.42,100,7.74,80
208,1630789,2018-06-16,05:47,Pontianak,ID,Asia,-0.02,109.34,90.57,73,5.95,0
209,2138285,2018-06-16,05:47,Tadine,NC,Oceania,-21.55,167.88,73.74,99,11.21,0
210,6162949,2018-06-16,05:47,Terrace,CA,North America,54.52,-128.61,62.6,45,8.05,5
211,2126123,2018-06-16,05:47,Chokurdakh,RU,Europe,70.62,147.9,44.4,97,6.96,68
212,3838859,2018-06-16,05:47,Rio Gallegos,AR,South America,-51.62,-69.22,46.4,65,4.7,75
213,1487332,2018-06-16,05:47,Verkhnyaya Inta,RU,Europe,65.99,60.32,46.56,72,4.38,32
214,665002,2018-06-16,05:47,Buciumi,RO,Europe,46.2,26.78,62.6,88,11.41,75
215,3419842,2018-06-16,05:47,Sisimiut,GL,North America,66.94,-53.67,30.81,92,4.5,12
216,3418910,2018-06-16,05:47,Upernavik,GL,North America,72.79,-56.15,31.53,98,12.55,88
217,6089245,2018-06-16,05:47,Norman Wells,CA,North America,65.28,-126.83,60.8,59,4.7,75
218,2169535,2018-06-16,05:47,Dalby,AU,Oceania,-27.18,151.26,68.0,22,13.87,0
219,1185251,2018-06-16,05:47,Lalmohan,BD,Asia,22.34,90.74,92.64,77,16.13,8
220,1516048,2018-06-16,05:47,Hovd,MN,Asia,48.01,91.64,65.64,46,4.94,36
221,3582228,2018-06-16,05:47,Dangriga,BZ,North America,16.97,-88.23,78.15,100,4.72,92
222,1651103,2018-06-16,05:47,Atambua,ID,Asia,-9.11,124.89,86.07,75,5.39,0
223,371745,2018-06-16,05:47,Kutum,SD,Africa,14.2,24.66,82.29,35,5.17,0
224,4031637,2018-06-16,05:47,Lavrentiya,RU,Europe,65.58,-170.99,36.57,96,19.48,0
225,3572189,2018-06-16,05:47,High Rock,BS,North America,26.63,-78.28,81.66,100,7.18,56
226,1810638,2018-06-16,05:47,Ganzhou,CN,Asia,25.86,114.93,86.34,68,3.6,24
227,1490796,2018-06-16,05:48,Strezhevoy,RU,Europe,60.73,77.6,60.8,87,13.42,75
228,4034551,2018-06-16,05:48,Faanui,PF,Oceania,-16.48,-151.75,78.06,100,12.66,80
229,1185263,2018-06-16,05:48,Bhairab Bazar,BD,Asia,24.06,90.98,86.16,74,11.99,75
230,4920577,2018-06-16,05:48,Galveston,US,North America,40.58,-86.19,71.67,88,5.82,1
231,1519938,2018-06-16,05:48,Karatau,KZ,Asia,43.18,70.46,74.19,44,10.76,0
232,3354071,2018-06-16,05:48,Oranjemund,NA,Africa,-28.55,16.43,58.71,100,13.56,0
233,1149878,2018-06-16,05:48,Wiang Sa,TH,Asia,8.64,99.37,86.99,88,6.93,40
234,2013465,2018-06-16,05:48,Verkhoyansk,RU,Europe,67.55,133.39,40.53,100,10.42,92
235,6068416,2018-06-16,05:48,Mayo,CA,North America,63.59,-135.9,69.8,26,8.05,90
236,1810240,2018-06-16,05:48,Gejiu,CN,Asia,23.36,103.16,71.49,88,2.71,88
237,286621,2018-06-16,05:48,Salalah,OM,Asia,17.01,54.1,86.0,79,2.24,75
238,6165406,2018-06-16,05:48,Thompson,CA,North America,55.74,-97.86,55.4,82,13.87,75
239,1507390,2018-06-16,05:48,Dikson,RU,Europe,73.51,80.55,33.96,95,4.05,76
240,2141305,2018-06-16,05:48,Fayaoue,NC,Oceania,-20.65,166.53,75.18,100,12.44,8
241,3156980,2018-06-16,05:48,Floro,NO,Europe,61.6,5.03,48.2,93,9.17,88
242,1083724,2018-06-16,05:48,Ambanja,MG,Africa,-13.68,48.45,77.07,50,2.93,0
243,1264037,2018-06-16,05:48,Malpe,IN,Asia,13.35,74.72,82.4,83,4.7,40
244,3204121,2018-06-16,05:48,Biograd na Moru,HR,Europe,43.94,15.45,71.6,64,4.7,20
245,524100,2018-06-16,05:48,Muyezerskiy,RU,Europe,63.93,31.65,65.91,42,5.17,0
246,2319668,2018-06-16,05:48,Uromi,NG,Africa,6.71,6.33,77.16,95,7.07,64
247,2013639,2018-06-16,05:48,Verkhnevilyuysk,RU,Europe,63.45,120.31,77.79,26,5.39,8
248,1640972,2018-06-16,05:48,Katobu,ID,Asia,-4.94,122.53,84.99,80,6.62,32
249,340358,2018-06-16,05:48,Dabat,ET,Africa,12.98,37.77,71.49,62,0.47,0
250,6111862,2018-06-16,05:48,Port Hardy,CA,North America,50.7,-127.42,53.6,76,6.93,20
251,1787831,2018-06-16,05:48,Xucheng,CN,Asia,33.0,118.51,82.47,66,9.75,32
252,2019488,2018-06-16,05:48,Namtsy,RU,Europe,62.72,129.66,73.2,36,10.76,0
253,3456160,2018-06-16,05:48,Olinda,BR,South America,-22.82,-43.41,68.0,88,4.7,90
254,2094027,2018-06-16,05:48,Kieta,PG,Oceania,-6.22,155.63,79.68,100,2.59,20
255,1849876,2018-06-16,05:48,Tateyama,JP,Asia,36.66,137.31,71.6,53,3.36,75
256,2077895,2018-06-16,05:48,Alice Springs,AU,Oceania,-23.7,133.88,66.2,32,12.75,0
257,4021858,2018-06-16,05:48,Guerrero Negro,MX,North America,27.97,-114.04,65.64,73,6.62,20
258,2152668,2018-06-16,05:48,Portland,AU,Oceania,-33.35,149.98,44.13,68,9.19,24
259,2063039,2018-06-16,05:48,Port Keats,AU,Oceania,-14.25,129.55,87.06,45,17.47,0
260,3867427,2018-06-16,05:48,Mayor Pablo Lagerenza,PY,South America,-19.93,-60.77,52.59,55,12.77,92
261,4033557,2018-06-16,05:48,Tautira,PF,Oceania,-17.73,-149.15,78.8,69,2.24,20
262,1005544,2018-06-16,05:48,Empangeni,ZA,Africa,-28.75,31.9,60.87,90,4.61,0
263,2025456,2018-06-16,05:48,Chernyshevskiy,RU,Europe,63.01,112.47,72.57,37,3.38,0
264,1605279,2018-06-16,05:48,Trat,TH,Asia,12.25,102.51,87.8,84,14.99,75
265,5983720,2018-06-16,05:48,Iqaluit,CA,North America,63.75,-68.52,32.0,84,2.04,20
266,3374210,2018-06-16,05:48,Sao Filipe,CV,Africa,14.9,-24.5,71.76,100,11.65,32
267,2208248,2018-06-16,05:48,Kaitangata,NZ,Oceania,-46.28,169.85,39.99,82,2.93,0
268,2960970,2018-06-16,05:48,Westport,IE,Europe,53.8,-9.52,48.2,100,9.17,75
269,2243271,2018-06-16,05:48,Cabinda,AO,Africa,-5.56,12.19,71.6,94,5.95,20
270,2112802,2018-06-16,05:48,Hasaki,JP,Asia,35.73,140.83,62.6,77,16.11,75
271,610298,2018-06-16,05:48,Beyneu,KZ,Asia,45.32,55.19,90.39,17,6.06,0
272,5192726,2018-06-16,05:48,Harrisburg,US,North America,40.27,-76.89,58.96,77,4.7,1
273,1244926,2018-06-16,05:48,Hambantota,LK,Asia,6.12,81.12,81.84,95,13.0,24
274,610023,2018-06-16,05:48,Dossor,KZ,Asia,47.52,52.98,85.53,35,5.39,0
275,1880252,2018-06-16,05:48,Singapore,SG,Asia,1.29,103.85,86.81,70,8.05,75
276,3412093,2018-06-16,05:48,Vestmannaeyjar,IS,Europe,63.44,-20.27,44.49,100,9.42,80
277,219057,2018-06-16,05:48,Beni,CD,Africa,0.49,29.47,71.04,78,4.05,0
278,3420846,2018-06-16,05:48,Qaqortoq,GL,North America,60.72,-46.03,50.0,29,14.99,68
279,1486910,2018-06-16,05:48,Komsomolskiy,RU,Europe,67.55,63.78,41.97,100,14.12,88
280,2214433,2018-06-16,05:48,Nalut,LY,Africa,31.86,10.98,67.26,54,5.73,0
281,3372707,2018-06-16,05:48,Ribeira Grande,PT,Europe,38.52,-28.7,70.5,98,4.5,0
282,4036284,2018-06-16,05:48,Alofi,NU,Oceania,-19.06,-169.92,75.2,83,2.24,44
283,1263942,2018-06-16,05:48,Manavalakurichi,IN,Asia,8.13,77.3,78.8,94,4.7,75
284,178073,2018-06-16,05:48,Wundanyi,KE,Africa,-3.4,38.37,68.34,82,4.16,0
285,987875,2018-06-16,05:48,Koppies,ZA,Africa,-27.24,27.57,32.52,85,4.05,0
286,6690296,2018-06-16,05:48,Saint-Joseph,RE,Africa,-21.37,55.62,75.2,44,6.93,20
287,878141,2018-06-16,05:48,Madimba,TZ,Africa,-10.4,40.33,77.16,100,5.61,0
288,1280037,2018-06-16,05:48,Shache,CN,Asia,38.42,77.24,77.16,42,7.4,12
289,1529484,2018-06-16,05:48,Hami,CN,Asia,42.84,93.51,95.79,30,1.48,0
290,2216645,2018-06-16,05:48,Hun,LY,Africa,29.13,15.95,70.86,48,9.42,0
291,417594,2018-06-16,05:48,Shahreza,IR,Asia,32.01,51.87,73.83,27,4.94,0
292,3210448,2018-06-16,05:48,Stanari,BA,Europe,44.75,17.84,60.8,93,3.36,75
293,942511,2018-06-16,05:48,Vryburg,ZA,Africa,-26.96,24.73,31.17,75,4.5,0
294,339448,2018-06-16,07:48,Dembi Dolo,ET,Africa,8.53,34.8,77.25,77,3.51,56
295,1510689,2018-06-16,07:48,Baykit,RU,Europe,61.68,96.39,70.5,54,5.75,0
296,5871146,2018-06-16,07:48,Palmer,US,North America,61.6,-149.11,49.48,71,25.28,90
297,3397865,2018-06-16,07:48,Itaueira,BR,South America,-7.6,-43.03,70.95,66,12.57,0
298,2126785,2018-06-16,07:48,Belaya Gora,RU,Europe,68.54,146.19,58.62,57,11.01,56
299,257122,2018-06-16,07:48,Methoni,GR,Europe,36.82,21.7,77.0,57,13.24,20
300,934479,2018-06-16,07:48,Grand Gaube,MU,Africa,-20.01,57.66,77.0,65,16.11,40
301,556268,2018-06-16,07:48,Ostrovnoy,RU,Europe,68.05,39.51,67.17,70,13.58,0
302,677790,2018-06-16,07:48,Fundulea,RO,Europe,44.47,26.51,77.0,57,3.36,20
303,2214846,2018-06-16,07:48,Misratah,LY,Africa,32.38,15.09,76.62,81,11.56,0
304,529195,2018-06-16,07:48,Mari-Turek,RU,Europe,56.79,49.62,62.31,64,13.24,8
305,712387,2018-06-16,07:48,Berezanka,UA,Europe,46.86,31.39,73.4,78,8.95,90
306,1056899,2018-06-16,07:48,Sambava,MG,Africa,-14.27,50.17,75.45,100,14.81,92
307,4688506,2018-06-16,07:48,El Campo,US,North America,29.2,-96.27,79.65,88,9.1,1
308,2122389,2018-06-16,07:48,Ossora,RU,Europe,59.24,163.07,40.89,91,4.18,0
309,952747,2018-06-16,07:48,Standerton,ZA,Africa,-26.94,29.24,55.47,31,13.69,0
310,3466165,2018-06-16,07:48,Cidreira,BR,South America,-30.17,-50.22,38.19,100,7.2,0
311,3351663,2018-06-16,07:48,Benguela,AO,Africa,-12.58,13.4,72.3,100,3.4,68
312,108410,2018-06-16,07:48,Riyadh,SA,Asia,24.63,46.72,102.2,10,4.7,0
313,2264557,2018-06-16,07:48,Ponta do Sol,PT,Europe,32.67,-17.1,71.6,37,16.11,20
314,924206,2018-06-16,07:48,Phalombe,MW,Africa,-15.81,35.65,75.45,71,4.97,0
315,2015179,2018-06-16,07:48,Tommot,RU,Europe,58.97,126.27,65.19,48,3.4,8
316,2290582,2018-06-16,07:48,Jackville,CI,Africa,5.21,-4.42,77.0,94,5.82,40
317,2127202,2018-06-16,07:48,Anadyr,RU,Europe,64.73,177.51,53.6,66,11.18,40
318,3115824,2018-06-16,07:48,Muros,ES,Europe,42.77,-9.06,55.4,82,4.7,20
319,247176,2018-06-16,07:48,Sabha,JO,Asia,32.33,36.5,87.8,22,6.64,0
320,935215,2018-06-16,07:48,Saint-Philippe,RE,Africa,-21.36,55.77,78.67,42,4.7,0
321,2400547,2018-06-16,07:48,Tsogni,GA,Africa,-2.79,10.1,77.25,92,5.41,8
322,2510542,2018-06-16,07:48,Telde,ES,Europe,27.99,-15.42,68.0,72,13.87,20
323,1506268,2018-06-16,07:48,Gornopravdinsk,RU,Europe,60.06,69.92,62.4,60,5.08,8
324,5554428,2018-06-16,07:48,Ketchikan,US,North America,55.34,-131.65,53.6,76,8.05,1
325,3401225,2018-06-16,07:48,Amapa,BR,South America,-1.83,-56.23,80.04,73,2.51,64
326,1607068,2018-06-16,07:48,Ranot,TH,Asia,7.78,100.32,90.66,62,14.03,36
327,2192362,2018-06-16,07:48,Christchurch,NZ,Oceania,-43.53,172.64,46.4,100,3.36,90
328,209228,2018-06-16,07:48,Mbuji-Mayi,CD,Africa,-6.13,23.6,87.87,41,7.99,0
329,5380437,2018-06-16,07:48,Pacific Grove,US,North America,36.62,-121.92,55.0,87,4.7,1
330,624079,2018-06-16,07:48,Orsha,BY,Europe,54.51,30.43,55.4,93,6.71,90
331,2777921,2018-06-16,07:48,Grodig,AT,Europe,47.73,13.03,66.2,52,2.24,20
332,6255012,2018-06-16,07:48,Flinders,AU,Oceania,-34.58,150.85,50.0,57,21.92,12
333,1817968,2018-06-16,07:48,Anshun,CN,Asia,26.25,105.93,77.97,67,10.45,48
334,2125693,2018-06-16,07:48,Evensk,RU,Europe,61.92,159.24,43.95,95,6.2,68
335,3347019,2018-06-16,07:48,Namibe,AO,Africa,-15.19,12.15,72.3,97,2.51,0
336,530972,2018-06-16,07:48,Siva,RU,Europe,56.42,50.83,64.2,50,12.8,20
337,1788852,2018-06-16,07:48,Xining,CN,Asia,36.62,101.77,65.55,49,3.62,48
338,2447513,2018-06-16,07:48,Arlit,NE,Africa,18.74,7.39,100.02,24,12.12,24
339,3576994,2018-06-16,07:48,Cockburn Town,TC,North America,21.46,-71.14,79.86,100,15.14,0
340,118367,2018-06-16,07:48,Eslamshahr,IR,Asia,35.55,51.23,86.49,12,9.17,20
341,2163701,2018-06-16,07:48,Healesville,AU,Oceania,-37.65,145.52,50.0,66,16.11,75
342,4448903,2018-06-16,07:48,Tupelo,US,North America,34.26,-88.7,75.2,88,2.95,1
343,780717,2018-06-16,07:48,Batsfjord,NO,Europe,70.63,29.72,54.66,69,13.69,0
344,610091,2018-06-16,07:49,Chingirlau,KZ,Asia,51.09,54.08,70.05,43,10.45,56
345,1153072,2018-06-16,07:49,Kantang,TH,Asia,7.42,99.52,78.8,88,3.36,40
346,1246294,2018-06-16,07:49,Galle,LK,Asia,6.04,80.22,79.5,100,13.58,92
347,3459550,2018-06-16,07:49,Juatuba,BR,South America,-19.95,-44.34,59.0,82,4.7,0
348,2027042,2018-06-16,07:49,Batagay-Alyta,RU,Europe,67.8,130.41,40.17,66,12.46,88
349,4251141,2018-06-16,07:49,Taylorville,US,North America,39.55,-89.29,75.67,94,5.82,1
350,4465088,2018-06-16,07:49,Elizabeth City,US,North America,36.3,-76.22,65.46,88,3.96,1
351,567695,2018-06-16,07:49,Chukhloma,RU,Europe,58.76,42.68,66.9,67,5.75,0
352,2033536,2018-06-16,07:49,Yakeshi,CN,Asia,49.28,120.73,64.83,74,12.01,64
353,217834,2018-06-16,09:48,Bukama,CD,Africa,-9.2,25.85,86.43,30,4.97,0
354,70979,2018-06-16,09:48,Sayyan,YE,Asia,15.17,44.32,76.62,28,5.97,80
355,609906,2018-06-16,09:48,Fort-Shevchenko,KZ,Asia,44.51,50.26,82.56,51,9.66,0
356,6164499,2018-06-16,09:48,The Pas,CA,North America,53.82,-101.24,53.6,81,9.17,1
357,118704,2018-06-16,09:48,Ravar,IR,Asia,31.27,56.81,97.59,7,5.08,0
358,176758,2018-06-16,09:48,Kaputa,ZM,Africa,-8.47,29.66,80.22,37,3.4,0
359,1261394,2018-06-16,09:48,Nileshwar,IN,Asia,12.25,75.1,75.81,100,10.56,92
360,2132606,2018-06-16,09:48,Samarai,PG,Oceania,-10.62,150.67,76.35,100,7.54,68
361,159242,2018-06-16,09:48,Ikwiriri,TZ,Africa,-7.96,38.99,86.52,56,3.51,0
362,2514651,2018-06-16,09:48,Los Llanos de Aridane,ES,Europe,28.66,-17.92,69.8,83,16.11,40
363,2121385,2018-06-16,09:48,Severo-Kurilsk,RU,Europe,50.68,156.12,40.62,96,3.62,8
364,3457113,2018-06-16,09:48,Miranda,BR,South America,-20.24,-56.38,51.15,72,7.43,32
365,5030005,2018-06-16,09:48,Hibbing,US,North America,47.43,-92.94,60.22,93,4.7,1
366,2090495,2018-06-16,09:48,Morehead,PG,Oceania,-8.71,141.64,79.59,75,17.72,92
367,3423146,2018-06-16,09:48,Ilulissat,GL,North America,69.22,-51.1,33.8,86,3.36,75
368,2079582,2018-06-16,09:48,Alyangula,AU,Oceania,-13.85,136.42,76.71,94,20.51,56
369,1217007,2018-06-16,09:48,Koson,UZ,Asia,39.04,65.59,93.2,18,6.93,0
370,4013724,2018-06-16,09:49,Camargo,MX,North America,27.69,-105.17,71.22,63,3.74,64
371,3899695,2018-06-16,09:49,Ancud,CL,South America,-41.87,-73.83,53.22,98,8.21,92
372,3133895,2018-06-16,09:49,Tromso,NO,Europe,69.65,18.96,55.4,50,33.33,75
373,2068110,2018-06-16,09:49,Kununurra,AU,Oceania,-15.77,128.74,84.2,32,8.05,0
374,863061,2018-06-16,09:49,Usinsk,RU,Europe,66.0,57.56,47.19,82,10.56,88
375,1529660,2018-06-16,09:49,Aksu,CN,Asia,41.12,80.26,56.55,97,5.19,100
376,1153241,2018-06-16,09:49,Huai Yot,TH,Asia,7.79,99.63,77.0,88,3.36,40
377,5512862,2018-06-16,09:49,Sparks,US,North America,39.53,-119.75,52.43,93,2.62,1
378,2355869,2018-06-16,09:49,Sapouy,BF,Africa,11.55,-1.77,85.89,70,11.56,8
379,1264976,2018-06-16,09:49,Leh,IN,Asia,34.16,77.58,32.25,98,1.95,76
380,229380,2018-06-16,09:49,Masaka,UG,Africa,-0.34,31.75,78.96,84,10.0,0
381,1337606,2018-06-16,09:49,Eydhafushi,MV,Asia,5.1,73.07,82.47,100,13.47,36
382,1636426,2018-06-16,09:49,Manggar,ID,Asia,-2.88,108.27,87.15,71,14.14,64
383,3836620,2018-06-16,09:49,San Ramon de la Nueva Oran,AR,South America,-23.13,-64.33,34.05,80,2.39,12
384,2377450,2018-06-16,09:49,Nouakchott,MR,Africa,18.08,-15.98,71.22,95,15.26,24
385,5975004,2018-06-16,09:49,High Level,CA,North America,58.52,-117.13,48.2,93,2.39,75
386,933644,2018-06-16,09:49,Ghanzi,BW,Africa,-21.7,21.65,71.94,27,6.64,0
387,1261853,2018-06-16,09:49,Narasannapeta,IN,Asia,18.42,84.04,100.2,56,6.08,20
388,2176639,2018-06-16,09:49,Batemans Bay,AU,Oceania,-35.71,150.18,52.05,79,10.0,0
389,3572627,2018-06-16,09:49,Cockburn Town,BS,North America,24.03,-74.52,80.13,100,8.43,48
390,1524302,2018-06-16,09:49,Ereymentau,KZ,Asia,51.62,73.1,69.15,50,15.59,76
391,5993072,2018-06-16,09:49,Kitimat,CA,North America,54.02,-128.69,53.6,66,5.82,5
392,5055787,2018-06-16,09:49,Kirksville,US,North America,40.19,-92.58,73.45,100,10.67,0
393,1221194,2018-06-16,09:49,Kulob,TJ,Asia,37.91,69.78,91.11,19,4.52,0
394,2100633,2018-06-16,09:49,Arawa,PG,Oceania,-6.23,155.57,76.98,100,0.38,32
395,1885823,2018-06-16,09:49,Jiangyou,CN,Asia,31.78,104.73,75.81,70,4.63,80
396,107304,2018-06-16,09:49,Buraydah,SA,Asia,26.33,43.97,104.0,17,10.29,0
397,5924351,2018-06-16,09:49,Clyde River,CA,North America,70.47,-68.59,41.0,84,14.99,1
398,2477537,2018-06-16,09:49,Tazmalt,DZ,Africa,36.39,4.4,78.8,50,6.93,0
399,5960603,2018-06-16,09:49,Geraldton,CA,North America,49.72,-86.95,55.4,93,4.7,75
400,1817240,2018-06-16,09:49,Baiyin,CN,Asia,36.55,104.13,71.6,37,6.71,75
401,3994534,2018-06-16,09:49,Ocampo,MX,North America,27.32,-102.4,69.42,67,8.1,32
402,2374583,2018-06-16,09:49,Bubaque,GW,Africa,11.28,-15.83,80.6,83,5.82,20
403,101312,2018-06-16,09:49,Turayf,SA,Asia,31.68,38.65,89.6,21,9.17,0
404,2267254,2018-06-16,09:49,Lagoa,PT,Europe,37.14,-8.45,69.8,68,8.05,0
405,4272782,2018-06-16,09:49,Hays,US,North America,38.88,-99.33,77.49,57,17.22,1
406,2138555,2018-06-16,09:49,Poum,NC,Oceania,-20.23,164.02,75.18,100,16.15,12
407,924572,2018-06-16,09:49,Nsanje,MW,Africa,-16.92,35.26,84.81,56,4.18,0
408,1623502,2018-06-16,09:49,Sabang,ID,Asia,1.17,120.82,83.19,100,4.52,48
409,2122104,2018-06-16,09:49,Petropavlovsk-Kamchatskiy,RU,Europe,53.05,158.65,46.4,81,11.18,0
410,2702261,2018-06-16,09:49,Kalmar,SE,Europe,56.66,16.36,69.8,40,8.05,0
411,5742974,2018-06-16,09:49,North Bend,US,North America,43.41,-124.22,54.39,87,10.29,40
412,3116689,2018-06-16,09:49,Miranda de Ebro,ES,Europe,42.69,-2.95,63.14,82,10.29,75
413,5523074,2018-06-16,09:49,Hereford,US,North America,34.82,-102.4,73.4,56,10.29,1
414,3573061,2018-06-16,09:49,Saint George,BM,North America,32.38,-64.68,71.6,94,12.75,75
415,1337607,2018-06-16,09:49,Kudahuvadhoo,MV,Asia,2.67,72.89,83.1,100,7.09,24
416,2138522,2018-06-16,09:49,Poya,NC,Oceania,-21.35,165.16,73.65,100,15.26,80
417,1258731,2018-06-16,09:49,Ramanuj Ganj,IN,Asia,23.81,83.7,104.79,30,16.71,36
418,2377457,2018-06-16,09:49,Nouadhibou,MR,Africa,20.93,-17.03,68.0,72,16.11,0
419,1254709,2018-06-16,09:49,Tezu,IN,Asia,27.93,96.16,66.54,100,1.61,92
420,2439155,2018-06-16,09:49,Tanout,NE,Africa,14.97,8.88,93.27,38,12.24,0
421,1623197,2018-06-16,09:49,Tual,ID,Asia,-5.67,132.75,81.39,97,13.58,88
422,5454627,2018-06-16,09:49,Alamogordo,US,North America,32.9,-105.96,68.86,64,6.93,40
423,3388869,2018-06-16,09:49,Jutai,BR,South America,-1.71,-47.89,72.84,100,2.39,12
424,7671223,2018-06-16,09:49,Kloulklubed,PW,Oceania,7.04,134.26,80.6,88,8.05,90
425,5697939,2018-06-16,09:49,North Platte,US,North America,41.12,-100.77,80.6,47,5.82,1
426,64814,2018-06-16,09:49,Bandarbeyla,SO,Africa,9.49,50.81,80.67,76,28.68,0
427,3421765,2018-06-16,09:49,Nanortalik,GL,North America,60.14,-45.24,36.66,94,18.05,56
428,3381041,2018-06-16,09:49,Mana,GF,South America,5.67,-53.78,73.29,96,2.06,8
429,2023584,2018-06-16,09:49,Imeni Poliny Osipenko,RU,Europe,52.42,136.49,64.83,74,6.2,48
430,1648918,2018-06-16,09:49,Kalianget,ID,Asia,-7.74,113.68,83.82,77,6.64,12
431,3461641,2018-06-16,09:49,Iaciara,BR,South America,-14.1,-46.63,60.69,63,7.09,0
432,2190224,2018-06-16,09:49,Hastings,NZ,Oceania,-39.64,176.84,54.3,93,8.43,92
433,5919850,2018-06-16,09:49,Chapais,CA,North America,49.78,-74.86,48.2,66,2.24,40
434,1524296,2018-06-16,09:49,Esil,KZ,Asia,51.96,66.41,66.36,58,10.0,76
435,3620645,2018-06-16,09:49,Bonanza,NI,North America,14.03,-84.62,71.67,98,2.39,92
436,174448,2018-06-16,09:49,Abu Kamal,SY,Asia,34.45,40.92,96.69,18,12.01,0
437,3939761,2018-06-16,09:49,Hualmay,PE,South America,-11.1,-77.61,49.62,100,0.72,32
438,4171522,2018-06-16,09:49,Saint Pete Beach,US,North America,27.73,-82.74,77.29,94,1.95,1
439,456530,2018-06-16,09:49,Preili,LV,Europe,56.29,26.72,64.92,67,8.99,36
440,3522013,2018-06-16,09:49,Nuevo Progreso,MX,North America,17.14,-95.05,75.99,88,3.62,92
441,2163055,2018-06-16,09:49,Horsham,AU,Oceania,-36.71,142.2,44.76,87,14.25,92
442,1854026,2018-06-16,09:49,Ono,JP,Asia,34.86,134.95,74.32,56,5.82,20
443,4167178,2018-06-16,09:49,Ormond Beach,US,North America,29.29,-81.06,73.4,100,5.53,1
444,3395458,2018-06-16,09:49,Maragogi,BR,South America,-9.01,-35.22,74.01,95,8.55,88
445,2136150,2018-06-16,09:49,Luganville,VU,Oceania,-15.51,167.18,79.05,100,19.73,80
446,1633419,2018-06-16,09:49,Padang,ID,Asia,-0.92,100.36,82.11,100,5.19,68
447,4001056,2018-06-16,09:49,La Orilla,MX,North America,18.0,-102.23,78.15,99,0.94,92
448,877581,2018-06-16,09:49,Nanyamba,TZ,Africa,-10.68,39.83,81.39,71,4.63,0
449,553725,2018-06-16,09:49,Kamenka,RU,Europe,53.19,44.05,65.37,66,7.43,0
450,2035601,2018-06-16,09:49,Nenjiang,CN,Asia,49.17,125.23,65.1,97,15.82,68
451,2308278,2018-06-16,09:49,Mbini,GQ,Africa,1.58,9.62,84.2,66,9.17,20
452,5820705,2018-06-16,09:49,Casper,US,North America,42.87,-106.31,51.8,76,5.82,90
453,2328113,2018-06-16,09:49,Otukpo,NG,Africa,7.19,8.13,83.1,79,10.0,20
454,3698304,2018-06-16,09:49,Chimbote,PE,South America,-9.08,-78.59,57.45,100,2.17,44
455,2177069,2018-06-16,09:49,Ballina,AU,Oceania,-28.87,153.57,64.02,100,13.02,0
456,1028918,2018-06-16,09:49,Pemba,MZ,Africa,-12.97,40.52,80.6,65,4.7,40
457,292968,2018-06-16,09:49,Abu Dhabi,AE,Asia,24.47,54.37,104.0,19,19.46,0
458,3137469,2018-06-16,09:49,Sorland,NO,Europe,67.67,12.69,48.2,87,27.51,75
459,341742,2018-06-16,09:49,Bonga,ET,Africa,7.26,36.25,64.2,95,1.72,88
460,750317,2018-06-16,09:49,Bulancak,TR,Asia,40.94,38.23,72.48,78,2.62,48
461,3430443,2018-06-16,09:49,Necochea,AR,South America,-38.55,-58.74,34.23,100,12.46,0
462,3126369,2018-06-16,09:49,Carballo,ES,Europe,43.21,-8.69,63.46,63,1.12,40
463,1788508,2018-06-16,09:49,Xinyu,CN,Asia,27.8,114.93,87.42,67,4.74,0
464,3421193,2018-06-16,09:49,Paamiut,GL,North America,61.99,-49.67,37.92,94,16.04,44
465,649924,2018-06-16,09:49,Kuusamo,FI,Europe,65.96,29.19,66.2,34,13.87,0
466,2063042,2018-06-16,09:49,Port Hedland,AU,Oceania,-20.31,118.58,78.8,39,5.82,0
467,494970,2018-06-16,09:49,Sheltozero,RU,Europe,61.37,35.37,66.0,59,8.21,64
468,2120591,2018-06-16,09:49,Tilichiki,RU,Europe,60.47,166.1,52.05,67,2.62,0
469,6149996,2018-06-16,09:49,Smithers,CA,North America,54.78,-127.17,44.6,81,3.36,1
470,890422,2018-06-16,09:49,Gweru,ZW,Africa,-19.46,29.82,74.19,29,4.41,0
471,5949601,2018-06-16,09:49,Eston,CA,North America,51.15,-108.75,51.8,87,8.05,20
472,5969025,2018-06-16,09:49,Haines Junction,CA,North America,60.75,-137.51,40.71,74,3.62,80
473,2641181,2018-06-16,09:49,Norwich,GB,Europe,52.63,1.29,60.76,67,9.17,20
474,3395981,2018-06-16,09:49,Maceio,BR,South America,-9.67,-35.74,69.8,94,2.24,0
475,2303611,2018-06-16,09:49,Axim,GH,Africa,4.87,-2.24,78.69,100,7.43,80
476,639735,2018-06-16,09:49,Rauma,FI,Europe,61.13,21.5,68.0,32,14.99,48
477,2294915,2018-06-16,11:49,Takoradi,GH,Africa,4.89,-1.75,79.05,100,6.42,88
478,4787534,2018-06-16,11:49,Sterling,US,North America,39.0,-77.4,60.12,82,4.38,1
479,2562247,2018-06-16,11:49,Marsaxlokk,MT,Europe,35.84,14.54,77.0,61,19.46,40
480,1264344,2018-06-16,11:49,Mahudha,IN,Asia,22.82,72.94,104.0,40,14.99,40
481,519630,2018-06-16,11:49,Novaya Ladoga,RU,Europe,60.11,32.31,76.62,39,4.61,32
482,6705237,2018-06-16,11:49,Simpang,ID,Asia,4.36,96.17,83.46,100,4.16,44
483,921900,2018-06-16,11:49,Dzaoudzi,YT,Africa,-12.79,45.27,84.2,66,9.17,40
484,2324433,2018-06-16,11:49,Abonnema,NG,Africa,4.71,6.79,82.4,83,2.24,75
485,2234794,2018-06-16,11:49,Banyo,CM,Africa,6.75,11.81,80.58,92,1.92,12
486,1273083,2018-06-16,11:49,Deoli,IN,Asia,25.76,75.37,104.7,23,12.55,0
487,3452483,2018-06-16,11:49,Prado,BR,South America,-17.34,-39.22,76.8,99,10.2,44
488,5915327,2018-06-16,11:49,Cap-aux-Meules,CA,North America,47.38,-61.86,53.6,76,4.7,75
489,3470341,2018-06-16,11:49,Bastos,BR,South America,-21.92,-50.73,61.86,78,8.41,12
490,2033602,2018-06-16,11:49,Xiuyan,CN,Asia,40.29,123.27,64.47,91,6.4,56
491,3079252,2018-06-16,11:49,Blatna,CZ,Europe,49.42,13.88,73.4,43,3.36,75
492,1497917,2018-06-16,11:49,Nefteyugansk,RU,Europe,61.09,72.61,57.2,82,8.95,40
493,1497337,2018-06-16,11:49,Kayerkan,RU,Europe,69.35,87.76,77.88,33,6.17,0
494,2174444,2018-06-16,11:49,Bowen,AU,Oceania,-20.01,148.25,62.6,93,4.7,80
495,586430,2018-06-16,11:49,Goranboy,AZ,Asia,40.61,46.79,89.6,38,6.93,75
496,2663293,2018-06-16,11:49,Vetlanda,SE,Europe,57.43,15.09,69.8,37,3.36,56
497,7872890,2018-06-16,11:49,Retz,AT,Europe,48.76,15.95,75.83,41,10.29,0
498,373141,2018-06-16,11:49,Kaduqli,SD,Africa,11.01,29.72,94.26,50,5.95,36
499,1797873,2018-06-16,11:49,Huaiyin,CN,Asia,33.59,119.02,76.89,59,11.43,56
500,4676206,2018-06-16,11:49,Brenham,US,North America,30.17,-96.4,74.61,100,3.36,40
501,3405051,2018-06-16,11:49,Borba,BR,South America,-4.39,-59.59,78.6,85,2.59,64
502,113636,2018-06-16,11:49,Tafresh,IR,Asia,34.69,50.01,83.46,20,0.58,44
503,1630723,2018-06-16,11:49,Poso,ID,Asia,-1.4,120.75,75.27,100,3.6,44
504,2757220,2018-06-16,11:49,Den Helder,NL,Europe,52.96,4.76,61.93,77,13.87,90
505,350203,2018-06-16,11:49,Rosetta,EG,Africa,31.4,30.42,89.6,31,6.93,0
506,1276832,2018-06-16,11:49,Santoshpur,IN,Asia,22.33,88.49,104.0,38,8.05,20
507,3910291,2018-06-16,11:49,Mizque,BO,South America,-17.94,-65.34,37.56,91,2.71,0
508,2095038,2018-06-16,11:49,Kainantu,PG,Oceania,-6.29,145.87,64.83,95,1.14,76
509,2260401,2018-06-16,11:49,Djambala,CG,Africa,-2.55,14.76,82.92,84,7.07,0
510,3778045,2018-06-16,11:49,Maturin,VE,South America,9.75,-63.18,77.0,88,4.61,40
511,245669,2018-06-16,11:49,Adre,TD,Africa,13.47,22.2,102.18,25,4.61,0
512,962367,2018-06-16,11:49,Richards Bay,ZA,Africa,-28.77,32.06,70.23,60,11.77,8
513,1266452,2018-06-16,11:49,Chalakudi,IN,Asia,10.3,76.34,84.2,83,9.17,75
514,2361082,2018-06-16,11:49,Dori,BF,Africa,14.03,-0.03,102.63,38,11.1,8
515,3870243,2018-06-16,11:49,Taltal,CL,South America,-25.41,-70.49,40.62,87,3.49,0
516,1283240,2018-06-16,11:49,Kathmandu,NP,Asia,27.71,85.32,73.4,83,4.7,75
517,2178753,2018-06-16,11:49,Kirakira,SB,Oceania,-10.46,161.92,84.18,96,21.72,32
518,304013,2018-06-16,11:49,Mut,TR,Asia,36.64,33.44,76.8,35,4.72,36
519,3461625,2018-06-16,11:49,Ibate,BR,South America,-21.95,-48.0,60.78,77,13.0,0
520,933137,2018-06-16,11:49,Ratholo,BW,Africa,-22.72,27.57,77.16,20,9.19,0
521,5720495,2018-06-16,11:49,Coos Bay,US,North America,43.37,-124.22,54.41,87,14.99,90
522,1514792,2018-06-16,11:49,Gazojak,TM,Asia,41.19,61.4,92.28,24,9.19,0
523,632978,2018-06-16,11:49,Vaasa,FI,Europe,63.1,21.62,66.2,34,17.22,0
524,669272,2018-06-16,11:49,Radesti,RO,Europe,46.27,23.72,76.53,57,5.82,20
525,904241,2018-06-16,11:49,Mungwi,ZM,Africa,-10.17,31.37,82.2,27,4.5,0
526,287286,2018-06-16,11:49,Muscat,OM,Asia,23.6,58.55,104.0,21,6.93,0
527,6100799,2018-06-16,11:49,Pemberton,CA,North America,50.32,-122.8,36.93,93,1.48,0
528,2188874,2018-06-16,11:49,Russell,NZ,Oceania,-35.26,174.12,56.1,96,10.65,36
529,2022773,2018-06-16,11:49,Khandyga,RU,Europe,62.65,135.58,53.31,93,9.98,92
530,6078359,2018-06-16,11:49,Moosomin,CA,North America,50.14,-101.67,53.4,77,4.5,44
531,2020313,2018-06-16,11:49,Mama,RU,Europe,58.31,112.9,61.77,56,2.37,0
532,1252783,2018-06-16,11:49,Yarada,IN,Asia,17.65,83.27,86.97,90,19.26,20
533,2151187,2018-06-16,11:49,Roma,AU,Oceania,-26.57,148.79,43.5,82,5.61,0
534,3448454,2018-06-16,11:49,Belmonte,BR,South America,-26.84,-53.58,38.01,94,4.94,0
535,2329821,2018-06-16,11:49,Mubi,NG,Africa,10.27,13.26,98.22,35,5.95,0
536,1283217,2018-06-16,11:49,Khandbari,NP,Asia,27.38,87.21,45.3,66,0.69,100
537,1045114,2018-06-16,11:49,Inhambane,MZ,Africa,-23.87,35.38,87.8,40,3.36,0
538,1799722,2018-06-16,11:49,Tongzhou,CN,Asia,32.07,121.07,71.67,85,13.56,36
539,4033356,2018-06-16,11:49,Tiarei,PF,Oceania,-17.53,-149.33,77.0,78,5.82,40
540,1214488,2018-06-16,11:49,Meulaboh,ID,Asia,4.14,96.13,83.46,100,4.16,44
541,240210,2018-06-16,11:49,Birao,CF,Africa,10.3,22.78,93.99,66,5.61,0
542,2063030,2018-06-16,11:49,Port Pirie,AU,Oceania,-33.18,138.01,51.8,76,17.22,75
543,3924908,2018-06-16,11:49,Pimenta Bueno,BR,South America,-11.68,-61.19,67.17,77,4.16,0
544,1503037,2018-06-16,11:49,Kodinsk,RU,Europe,58.6,99.18,67.35,63,2.59,8
545,139817,2018-06-16,11:49,Bushehr,IR,Asia,28.97,50.84,97.11,47,18.34,0
546,513328,2018-06-16,11:49,Ozinki,RU,Europe,51.2,49.73,67.89,36,13.67,0
547,2129513,2018-06-16,11:49,Kizukuri,JP,Asia,40.81,140.39,51.8,81,4.7,75
548,3894426,2018-06-16,11:49,Coihaique,CL,South America,-45.58,-72.07,48.99,81,3.36,90
549,2191911,2018-06-16,11:49,Dargaville,NZ,Oceania,-35.94,173.86,56.73,95,13.0,68
550,3702577,2018-06-16,11:49,Portobelo,PA,North America,9.55,-79.65,77.0,94,2.24,40
551,105299,2018-06-16,11:49,Jizan,SA,Asia,16.89,42.56,96.8,60,14.99,0
552,2186111,2018-06-16,11:49,Ngunguru,NZ,Oceania,-35.62,174.5,60.87,98,18.48,0
553,3356343,2018-06-16,11:49,Karasburg,NA,Africa,-28.01,18.75,65.73,43,9.19,0
554,2644411,2018-06-16,11:49,Lisburn,GB,Europe,54.51,-6.04,54.5,87,16.11,0
555,5769489,2018-06-16,11:49,Sturgis,US,North America,44.41,-103.51,60.48,100,5.82,90
556,3833883,2018-06-16,11:50,Trelew,AR,South America,-43.25,-65.31,37.65,85,10.2,12
557,6542126,2018-06-16,11:50,Ancona,IT,Europe,43.6,13.51,77.0,50,9.17,20
558,454572,2018-06-16,11:50,Valka,LV,Europe,57.78,26.01,74.1,50,9.08,88
559,2018888,2018-06-16,11:50,Novopokrovka,RU,Europe,45.85,134.51,63.84,58,5.5,92
560,779554,2018-06-16,11:50,Honningsvag,NO,Europe,70.98,25.97,56.64,63,13.11,68
561,777381,2018-06-16,11:50,Storslett,NO,Europe,69.77,21.03,46.56,73,6.96,20
562,2521510,2018-06-16,11:50,Aspe,ES,Europe,38.35,-0.77,81.23,30,9.17,0
563,1185239,2018-06-16,11:50,Sarankhola,BD,Asia,22.31,89.79,88.68,79,7.63,68
564,4449620,2018-06-16,11:50,Vicksburg,US,North America,32.35,-90.88,71.04,100,2.71,1
565,514739,2018-06-16,11:50,Orshanka,RU,Europe,56.92,47.89,64.74,52,11.65,0
566,1226260,2018-06-16,11:50,Trincomalee,LK,Asia,8.58,81.23,85.44,66,20.04,80
567,644436,2018-06-16,11:50,Noormarkku,FI,Europe,61.59,21.87,66.2,39,13.87,0
568,3394023,2018-06-16,11:50,Natal,BR,South America,-5.81,-35.21,76.26,92,11.54,92
569,1275103,2018-06-16,11:50,Bundi,IN,Asia,25.44,75.64,102.45,26,13.78,8
570,876177,2018-06-16,11:50,Luau,AO,Africa,-10.71,22.22,85.53,25,3.15,0
571,2898304,2018-06-16,11:50,Hoyerswerda,DE,Europe,51.43,14.25,75.2,38,4.7,0
572,1524298,2018-06-16,11:50,Aksu,KZ,Asia,52.04,76.93,71.6,46,8.95,90
573,145233,2018-06-16,11:50,Abdanan,IR,Asia,32.99,47.42,99.03,8,2.15,0
574,1528606,2018-06-16,11:50,Kemin,KG,Asia,42.79,75.7,56.01,66,2.37,80
575,5783695,2018-06-16,11:50,Tooele,US,North America,40.53,-112.3,65.5,58,2.48,1
576,2304548,2018-06-16,11:50,Anloga,GH,Africa,5.79,0.9,86.0,70,10.29,20
577,293396,2018-06-16,11:50,Tel Aviv-Yafo,IL,Asia,32.08,34.78,97.77,11,8.05,0
578,2616504,2018-06-16,11:50,Nexo,DK,Europe,55.06,15.13,66.2,59,10.29,48
579,3698359,2018-06-16,11:50,Chicama,PE,South America,-7.84,-79.15,62.6,93,5.82,90
580,2517512,2018-06-16,11:50,Fuente Palmera,ES,Europe,37.7,-5.1,89.6,31,3.36,0
581,2158767,2018-06-16,11:50,Mareeba,AU,Oceania,-16.99,145.42,71.6,78,8.05,75
582,1275812,2018-06-16,11:50,Bhuj,IN,Asia,23.25,69.67,94.98,49,19.6,0
583,736283,2018-06-16,11:50,Exaplatanos,GR,Europe,40.98,22.13,68.43,83,2.71,68
584,53654,2018-06-16,11:50,Mogadishu,SO,Africa,2.04,45.34,80.49,97,19.82,12
585,4569067,2018-06-16,11:50,Aiken,US,North America,33.56,-81.72,71.98,100,4.5,1
586,486186,2018-06-16,13:49,Suoyarvi,RU,Europe,62.08,32.35,74.19,40,8.52,8
